ALERT_ID,ALERT_TYPE,IS_FRAUD,TX_ID,SENDER_ACCOUNT_ID,RECEIVER_ACCOUNT_ID,TX_TYPE,TX_AMOUNT,TIMESTAMP
193,fan_in,True,82,6976,9739,TRANSFER,4.85,0
377,cycle,True,949,5776,2570,TRANSFER,10.27,0
189,fan_in,True,6280,9999,9530,TRANSFER,2.74,1
377,cycle,True,7999,1089,7352,TRANSFER,10.27,1
130,fan_in,True,12975,7025,9708,TRANSFER,3.53,2
183,fan_in,True,17715,3988,8996,TRANSFER,3.87,3
189,fan_in,True,19832,3033,9530,TRANSFER,2.74,3
267,cycle,True,22797,690,4204,TRANSFER,16.8,4
267,cycle,True,22851,4204,4237,TRANSFER,16.8,4
176,fan_in,True,23597,7475,2921,TRANSFER,2.72,4
170,fan_in,True,23793,792,6326,TRANSFER,3.28,4
8,fan_in,True,23915,3906,992,TRANSFER,3.96,4
193,fan_in,True,24024,4596,9739,TRANSFER,4.85,4
130,fan_in,True,25027,9893,9708,TRANSFER,3.63,4
202,cycle,True,28877,590,6799,TRANSFER,12.93,5
260,cycle,True,29120,7933,9510,TRANSFER,11.85,5
346,cycle,True,29348,9770,6180,TRANSFER,10.39,5
183,fan_in,True,29844,3728,8996,TRANSFER,3.88,5
115,fan_in,True,29974,1433,3748,TRANSFER,3.02,5
202,cycle,True,30282,1840,2466,TRANSFER,12.93,5
374,cycle,True,30882,9669,344,TRANSFER,10.6,5
189,fan_in,True,34189,4769,9530,TRANSFER,2.74,5
317,cycle,True,34843,7447,2459,TRANSFER,15.86,6
176,fan_in,True,35000,2901,2921,TRANSFER,2.71,6
202,cycle,True,35162,6893,590,TRANSFER,12.93,6
317,cycle,True,35519,1043,7447,TRANSFER,15.86,6
346,cycle,True,36649,9096,9770,TRANSFER,10.39,6
130,fan_in,True,36929,7462,9708,TRANSFER,4.45,6
377,cycle,True,37504,2570,8542,TRANSFER,10.27,6
41,fan_in,True,37874,3544,5979,TRANSFER,3.18,6
374,cycle,True,38022,9999,4311,TRANSFER,10.6,6
170,fan_in,True,38725,4464,6326,TRANSFER,3.47,6
179,fan_in,True,38727,1755,6292,TRANSFER,4.49,6
39,fan_in,True,39761,9936,9843,TRANSFER,3.59,6
346,cycle,True,39988,6180,3454,TRANSFER,10.39,6
317,cycle,True,40341,2459,7270,TRANSFER,15.86,6
193,fan_in,True,40614,1950,9739,TRANSFER,4.85,6
8,fan_in,True,40680,9100,992,TRANSFER,3.55,6
115,fan_in,True,43223,8763,3748,TRANSFER,3.02,7
183,fan_in,True,44288,9821,8996,TRANSFER,3.74,7
61,fan_in,True,44656,4136,7466,TRANSFER,3.94,7
189,fan_in,True,44935,7703,9530,TRANSFER,2.74,7
32,fan_in,True,46699,9992,8015,TRANSFER,4.38,7
346,cycle,True,46822,6680,9096,TRANSFER,10.39,7
202,cycle,True,46837,2466,6893,TRANSFER,12.93,7
267,cycle,True,47206,9639,9776,TRANSFER,16.8,7
179,fan_in,True,47705,8012,6292,TRANSFER,4.33,8
14,fan_in,True,48092,986,1988,TRANSFER,4.57,8
323,cycle,True,48702,9765,4464,TRANSFER,17.04,8
170,fan_in,True,48830,7635,6326,TRANSFER,3.38,8
8,fan_in,True,49816,9701,992,TRANSFER,4.69,8
346,cycle,True,50563,3454,6680,TRANSFER,10.39,8
323,cycle,True,50741,4464,9850,TRANSFER,17.04,8
130,fan_in,True,51984,8711,9708,TRANSFER,4.02,8
260,cycle,True,52373,3495,7933,TRANSFER,11.85,8
41,fan_in,True,53029,9996,5979,TRANSFER,4.94,8
174,fan_in,True,53654,7384,9163,TRANSFER,2.94,8
176,fan_in,True,53859,2286,2921,TRANSFER,4.09,8
39,fan_in,True,53956,6006,9843,TRANSFER,2.76,8
61,fan_in,True,54785,8532,7466,TRANSFER,4.02,9
166,fan_in,True,55471,9847,8319,TRANSFER,3.74,9
356,cycle,True,56132,9991,2897,TRANSFER,18.53,9
115,fan_in,True,57472,4670,3748,TRANSFER,3.02,9
32,fan_in,True,57811,6609,8015,TRANSFER,3.14,9
323,cycle,True,57950,9971,9765,TRANSFER,17.04,9
100,fan_in,True,59356,8713,1616,TRANSFER,3.18,9
377,cycle,True,59364,7352,5776,TRANSFER,10.27,9
377,cycle,True,59600,8542,1089,TRANSFER,10.27,9
242,cycle,True,60228,1983,9850,TRANSFER,12.56,9
202,cycle,True,60603,6799,1840,TRANSFER,12.93,9
8,fan_in,True,60928,8565,992,TRANSFER,4.03,10
323,cycle,True,62896,9850,3066,TRANSFER,17.04,10
88,fan_in,True,62919,1488,9826,TRANSFER,4.31,10
356,cycle,True,63016,9492,9991,TRANSFER,18.53,10
363,cycle,True,63547,9932,3853,TRANSFER,18.98,10
179,fan_in,True,64046,8742,6292,TRANSFER,4.39,10
356,cycle,True,64287,725,9492,TRANSFER,18.53,10
174,fan_in,True,64576,8873,9163,TRANSFER,3.62,10
41,fan_in,True,64895,236,5979,TRANSFER,4.84,10
170,fan_in,True,65296,9846,6326,TRANSFER,3.45,10
14,fan_in,True,65501,9988,1988,TRANSFER,4.78,10
39,fan_in,True,65977,4814,9843,TRANSFER,4.28,10
68,fan_in,True,66064,6748,6928,TRANSFER,4.25,10
363,cycle,True,66227,3853,182,TRANSFER,18.98,10
374,cycle,True,67208,4311,7029,TRANSFER,10.6,10
138,fan_in,True,67457,6337,4758,TRANSFER,3.09,10
115,fan_in,True,68501,1975,3748,TRANSFER,3.02,11
166,fan_in,True,68681,850,8319,TRANSFER,4.02,11
242,cycle,True,70334,9850,9147,TRANSFER,12.56,11
145,fan_in,True,71264,9992,6269,TRANSFER,3.19,11
100,fan_in,True,72498,7847,1616,TRANSFER,2.99,11
374,cycle,True,73641,344,9999,TRANSFER,10.6,11
61,fan_in,True,74196,4213,7466,TRANSFER,3.97,11
32,fan_in,True,74319,4842,8015,TRANSFER,4.46,11
330,cycle,True,74685,8350,9935,TRANSFER,19.34,12
138,fan_in,True,76215,9899,4758,TRANSFER,3.09,12
41,fan_in,True,76302,3227,5979,TRANSFER,3.51,12
179,fan_in,True,76380,5249,6292,TRANSFER,3.4,12
174,fan_in,True,76560,9208,9163,TRANSFER,3.0,12
68,fan_in,True,77686,5452,6928,TRANSFER,3.02,12
242,cycle,True,78286,3717,1983,TRANSFER,12.56,12
39,fan_in,True,78374,9699,9843,TRANSFER,3.99,12
88,fan_in,True,79159,8915,9826,TRANSFER,3.19,12
267,cycle,True,79587,4237,9639,TRANSFER,16.8,12
14,fan_in,True,80332,9550,1988,TRANSFER,4.7,12
317,cycle,True,81082,7270,7239,TRANSFER,15.86,12
302,cycle,True,82488,2347,3011,TRANSFER,11.75,13
166,fan_in,True,82604,8685,8319,TRANSFER,3.76,13
145,fan_in,True,82644,9826,6269,TRANSFER,3.11,13
100,fan_in,True,83196,9350,1616,TRANSFER,2.75,13
61,fan_in,True,83490,4026,7466,TRANSFER,3.94,13
317,cycle,True,83590,7239,1043,TRANSFER,15.86,13
302,cycle,True,84093,9329,3608,TRANSFER,11.75,13
374,cycle,True,84759,7029,9669,TRANSFER,10.6,13
363,cycle,True,85146,6289,7866,TRANSFER,18.98,13
260,cycle,True,85203,7095,3495,TRANSFER,11.85,13
387,cycle,True,86413,9665,3143,TRANSFER,19.62,13
32,fan_in,True,86881,2607,8015,TRANSFER,2.99,13
260,cycle,True,87224,9999,7095,TRANSFER,11.85,13
356,cycle,True,87915,4604,725,TRANSFER,18.53,13
14,fan_in,True,88603,8745,1988,TRANSFER,4.6,14
174,fan_in,True,89470,9063,9163,TRANSFER,3.08,14
242,cycle,True,89480,9147,5236,TRANSFER,12.56,14
88,fan_in,True,89954,2882,9826,TRANSFER,4.36,14
351,cycle,True,90112,9619,8752,TRANSFER,14.52,14
260,cycle,True,91293,9510,9999,TRANSFER,11.85,14
79,fan_in,True,91471,7805,9685,TRANSFER,2.86,14
242,cycle,True,93344,5236,3717,TRANSFER,12.56,14
302,cycle,True,93382,3608,2347,TRANSFER,11.75,14
138,fan_in,True,93745,8716,4758,TRANSFER,3.09,14
68,fan_in,True,93969,9045,6928,TRANSFER,3.33,14
363,cycle,True,94852,7866,9932,TRANSFER,18.98,15
166,fan_in,True,95473,4167,8319,TRANSFER,3.64,15
100,fan_in,True,95483,3671,1616,TRANSFER,3.46,15
145,fan_in,True,95508,7932,6269,TRANSFER,3.17,15
302,cycle,True,98772,5582,9329,TRANSFER,11.75,15
351,cycle,True,99344,8752,4897,TRANSFER,14.52,15
322,cycle,True,100054,4586,3356,TRANSFER,19.29,15
322,cycle,True,101135,7791,9736,TRANSFER,19.29,16
138,fan_in,True,103248,2759,4758,TRANSFER,3.09,16
79,fan_in,True,103272,8309,9685,TRANSFER,3.26,16
88,fan_in,True,104267,6389,9826,TRANSFER,4.12,16
68,fan_in,True,104650,1351,6928,TRANSFER,2.87,16
302,cycle,True,106182,3011,5582,TRANSFER,11.75,16
356,cycle,True,107241,2897,4604,TRANSFER,18.53,16
330,cycle,True,109761,9935,6089,TRANSFER,19.34,17
145,fan_in,True,112100,5775,6269,TRANSFER,3.25,17
330,cycle,True,113844,3069,8350,TRANSFER,19.34,17
134,fan_in,True,113865,9987,3733,TRANSFER,3.24,17
79,fan_in,True,118239,6285,9685,TRANSFER,3.13,18
351,cycle,True,119765,4897,1258,TRANSFER,14.52,18
326,cycle,True,121485,2008,2649,TRANSFER,17.59,19
326,cycle,True,121933,4888,2008,TRANSFER,17.59,19
322,cycle,True,122151,9736,2641,TRANSFER,19.29,19
134,fan_in,True,123355,3337,3733,TRANSFER,2.83,19
342,cycle,True,126276,7920,6377,TRANSFER,16.45,19
363,cycle,True,127575,182,6289,TRANSFER,18.98,20
387,cycle,True,128166,7696,9665,TRANSFER,19.62,20
330,cycle,True,128298,6089,5306,TRANSFER,19.34,20
66,fan_in,True,130346,9872,113,TRANSFER,2.94,20
79,fan_in,True,130348,5758,9685,TRANSFER,2.73,20
330,cycle,True,130773,5306,3069,TRANSFER,19.34,20
339,cycle,True,134309,3543,9432,TRANSFER,17.75,21
134,fan_in,True,134323,8051,3733,TRANSFER,3.0,21
258,cycle,True,135288,9797,9394,TRANSFER,11.72,21
387,cycle,True,136192,9351,7696,TRANSFER,19.62,21
387,cycle,True,137220,3143,8301,TRANSFER,19.62,21
339,cycle,True,137382,5540,4263,TRANSFER,17.75,21
351,cycle,True,140547,2643,9619,TRANSFER,14.52,21
66,fan_in,True,143027,5578,113,TRANSFER,2.94,22
387,cycle,True,145756,8301,9351,TRANSFER,19.62,22
134,fan_in,True,147664,2038,3733,TRANSFER,3.27,23
351,cycle,True,148289,1258,2643,TRANSFER,14.52,23
326,cycle,True,148340,6057,4888,TRANSFER,17.59,23
82,fan_in,True,149361,8656,8032,TRANSFER,4.58,23
339,cycle,True,151569,9107,3543,TRANSFER,17.75,23
258,cycle,True,152133,9310,9797,TRANSFER,11.72,23
258,cycle,True,153970,3150,6997,TRANSFER,11.72,23
75,fan_in,True,155360,4105,3746,TRANSFER,3.55,24
192,fan_in,True,155458,9985,4178,TRANSFER,2.62,24
322,cycle,True,155860,3356,7791,TRANSFER,19.29,24
241,cycle,True,156332,2846,7963,TRANSFER,10.14,24
322,cycle,True,156360,2641,4586,TRANSFER,19.29,24
66,fan_in,True,156732,9507,113,TRANSFER,2.94,24
241,cycle,True,156915,6538,9971,TRANSFER,10.14,24
342,cycle,True,157419,6377,2754,TRANSFER,16.45,24
342,cycle,True,158609,2754,9912,TRANSFER,16.45,24
350,cycle,True,158769,9824,7697,TRANSFER,15.42,24
339,cycle,True,159736,4263,9107,TRANSFER,17.75,24
82,fan_in,True,162807,6811,8032,TRANSFER,4.54,25
284,cycle,True,163933,9629,5374,TRANSFER,17.01,25
268,cycle,True,164411,3788,3963,TRANSFER,16.64,25
326,cycle,True,165707,2649,9646,TRANSFER,17.59,25
192,fan_in,True,167971,6803,4178,TRANSFER,2.95,26
66,fan_in,True,168428,4322,113,TRANSFER,2.94,26
350,cycle,True,170864,2020,3189,TRANSFER,15.42,26
75,fan_in,True,170865,6170,3746,TRANSFER,3.55,26
369,cycle,True,172119,9617,4011,TRANSFER,14.39,26
342,cycle,True,174006,9912,5298,TRANSFER,16.45,27
339,cycle,True,174933,9432,5540,TRANSFER,17.75,27
82,fan_in,True,175562,6132,8032,TRANSFER,4.48,27
369,cycle,True,177137,4011,4688,TRANSFER,14.39,27
369,cycle,True,177368,4688,3055,TRANSFER,14.39,27
150,fan_in,True,178737,9800,4309,TRANSFER,3.57,27
258,cycle,True,179668,9394,3150,TRANSFER,11.72,27
239,cycle,True,181245,1694,2206,TRANSFER,11.71,28
268,cycle,True,182935,8768,3788,TRANSFER,16.64,28
380,cycle,True,183392,4721,9871,TRANSFER,15.93,28
326,cycle,True,183988,9646,6057,TRANSFER,17.59,28
257,cycle,True,184132,9940,7181,TRANSFER,16.44,28
123,fan_in,True,184147,138,9197,TRANSFER,4.59,28
342,cycle,True,184335,5298,7920,TRANSFER,16.45,28
192,fan_in,True,184497,7396,4178,TRANSFER,2.77,28
350,cycle,True,184572,7697,2020,TRANSFER,15.42,28
75,fan_in,True,185923,9755,3746,TRANSFER,3.55,28
150,fan_in,True,186596,7131,4309,TRANSFER,3.54,29
82,fan_in,True,187404,6256,8032,TRANSFER,4.47,29
25,fan_in,True,188330,7849,5430,TRANSFER,4.47,29
284,cycle,True,188414,5374,4079,TRANSFER,17.01,29
252,cycle,True,189432,8409,2410,TRANSFER,19.92,29
59,fan_in,True,190403,6528,554,TRANSFER,4.59,29
252,cycle,True,190488,3174,7064,TRANSFER,19.92,29
252,cycle,True,191484,2410,2187,TRANSFER,19.92,29
258,cycle,True,192220,6997,9310,TRANSFER,11.72,29
350,cycle,True,192438,9982,9824,TRANSFER,15.42,29
241,cycle,True,193867,7963,6538,TRANSFER,10.14,30
268,cycle,True,194413,9486,8768,TRANSFER,16.64,30
268,cycle,True,194656,9603,9486,TRANSFER,16.64,30
241,cycle,True,195250,9971,6117,TRANSFER,10.14,30
192,fan_in,True,195279,7462,4178,TRANSFER,3.09,30
239,cycle,True,195490,3985,8892,TRANSFER,11.71,30
239,cycle,True,195901,2206,9384,TRANSFER,11.71,30
123,fan_in,True,197286,3355,9197,TRANSFER,4.69,30
257,cycle,True,198157,9943,3050,TRANSFER,16.44,30
75,fan_in,True,198456,2014,3746,TRANSFER,3.55,30
284,cycle,True,199251,9073,1284,TRANSFER,17.01,30
190,fan_in,True,199474,6642,6979,TRANSFER,3.25,30
282,cycle,True,200290,9173,7926,TRANSFER,10.53,31
313,cycle,True,200877,9499,7284,TRANSFER,12.6,31
380,cycle,True,200907,6299,7381,TRANSFER,15.93,31
150,fan_in,True,201036,869,4309,TRANSFER,4.1,31
151,fan_in,True,201581,368,4037,TRANSFER,3.46,31
350,cycle,True,204195,3189,9982,TRANSFER,15.42,31
25,fan_in,True,204196,9971,5430,TRANSFER,4.39,31
59,fan_in,True,206087,5267,554,TRANSFER,4.59,31
239,cycle,True,206640,8892,1694,TRANSFER,11.71,32
282,cycle,True,207713,7039,6695,TRANSFER,10.53,32
257,cycle,True,207823,3050,747,TRANSFER,16.44,32
241,cycle,True,208094,6117,2846,TRANSFER,10.14,32
87,fan_in,True,208265,9560,9570,TRANSFER,3.47,32
252,cycle,True,208963,7064,8409,TRANSFER,19.92,32
123,fan_in,True,209776,4532,9197,TRANSFER,4.58,32
313,cycle,True,209852,7284,5989,TRANSFER,12.6,32
365,cycle,True,210168,1564,2971,TRANSFER,15.82,32
284,cycle,True,210433,4079,9073,TRANSFER,17.01,32
190,fan_in,True,210708,5210,6979,TRANSFER,3.25,32
365,cycle,True,211406,476,3464,TRANSFER,15.82,32
329,cycle,True,213236,2333,9422,TRANSFER,13.56,32
150,fan_in,True,213824,2367,4309,TRANSFER,4.22,33
329,cycle,True,214914,9327,2284,TRANSFER,13.56,33
59,fan_in,True,216165,4462,554,TRANSFER,4.59,33
151,fan_in,True,217299,9844,4037,TRANSFER,3.07,33
365,cycle,True,217504,2971,7916,TRANSFER,15.82,33
369,cycle,True,217744,3055,7648,TRANSFER,14.39,33
214,cycle,True,218618,4277,3791,TRANSFER,12.48,33
257,cycle,True,219446,747,9940,TRANSFER,16.44,33
25,fan_in,True,219861,766,5430,TRANSFER,4.45,33
268,cycle,True,220209,3963,9603,TRANSFER,16.64,34
123,fan_in,True,220912,7477,9197,TRANSFER,4.54,34
282,cycle,True,221300,7926,7039,TRANSFER,10.53,34
252,cycle,True,221752,2187,3174,TRANSFER,19.92,34
73,fan_in,True,222627,4948,9660,TRANSFER,3.78,34
282,cycle,True,223069,1812,9173,TRANSFER,10.53,34
284,cycle,True,223153,1284,9629,TRANSFER,17.01,34
214,cycle,True,223546,3791,9962,TRANSFER,12.48,34
190,fan_in,True,224282,9685,6979,TRANSFER,3.28,34
365,cycle,True,224537,3464,1564,TRANSFER,15.82,34
87,fan_in,True,224647,4075,9570,TRANSFER,3.34,34
59,fan_in,True,226263,9783,554,TRANSFER,4.59,35
313,cycle,True,229215,9454,1505,TRANSFER,12.6,35
151,fan_in,True,229363,5315,4037,TRANSFER,3.0,35
1,fan_in,True,229913,8387,3142,TRANSFER,4.02,35
230,cycle,True,231316,4560,5305,TRANSFER,14.31,35
25,fan_in,True,232030,8709,5430,TRANSFER,4.44,35
380,cycle,True,232996,9871,6299,TRANSFER,15.93,36
230,cycle,True,233007,5305,9402,TRANSFER,14.31,36
214,cycle,True,233993,9962,2243,TRANSFER,12.48,36
190,fan_in,True,234697,1061,6979,TRANSFER,3.28,36
210,cycle,True,235081,8050,9469,TRANSFER,16.88,36
369,cycle,True,235112,7648,9617,TRANSFER,14.39,36
313,cycle,True,235589,1505,9499,TRANSFER,12.6,36
386,cycle,True,236390,8944,6105,TRANSFER,13.47,36
239,cycle,True,237091,9384,3985,TRANSFER,11.71,36
73,fan_in,True,237222,8570,9660,TRANSFER,3.78,36
329,cycle,True,237833,2284,5677,TRANSFER,13.56,36
87,fan_in,True,238856,1767,9570,TRANSFER,3.63,36
54,fan_in,True,239545,9201,9422,TRANSFER,3.79,36
380,cycle,True,239843,6487,4721,TRANSFER,15.93,37
151,fan_in,True,242989,1668,4037,TRANSFER,3.3,37
365,cycle,True,243851,7916,476,TRANSFER,15.82,37
230,cycle,True,244454,9966,7081,TRANSFER,14.31,37
257,cycle,True,244787,7181,9943,TRANSFER,16.44,37
299,cycle,True,244929,3894,5377,TRANSFER,11.93,37
1,fan_in,True,245244,5116,3142,TRANSFER,3.95,37
380,cycle,True,245441,7381,6487,TRANSFER,15.93,37
102,fan_in,True,245487,2985,9417,TRANSFER,3.41,37
210,cycle,True,245752,8949,4817,TRANSFER,16.88,37
313,cycle,True,247367,5989,9454,TRANSFER,12.6,38
160,fan_in,True,247402,9809,3198,TRANSFER,4.78,38
73,fan_in,True,248590,1421,9660,TRANSFER,3.78,38
87,fan_in,True,250061,9839,9570,TRANSFER,3.34,38
386,cycle,True,250389,6105,2522,TRANSFER,13.47,38
329,cycle,True,251103,5677,2333,TRANSFER,13.56,38
114,fan_in,True,251831,9739,6628,TRANSFER,4.01,38
230,cycle,True,251912,9402,9966,TRANSFER,14.31,38
54,fan_in,True,252169,3063,9422,TRANSFER,4.02,38
20,fan_in,True,253201,3503,9695,TRANSFER,3.9,39
43,fan_in,True,253702,6560,5263,TRANSFER,4.82,39
102,fan_in,True,255059,9871,9417,TRANSFER,3.65,39
295,cycle,True,255626,9785,8458,TRANSFER,10.13,39
329,cycle,True,256154,9422,9327,TRANSFER,13.56,39
1,fan_in,True,256253,8965,3142,TRANSFER,4.05,39
386,cycle,True,256373,8697,8944,TRANSFER,13.47,39
386,cycle,True,256739,2522,9950,TRANSFER,13.47,39
24,fan_in,True,259001,9753,9973,TRANSFER,3.68,39
54,fan_in,True,260538,7925,9422,TRANSFER,4.57,40
185,fan_in,True,260828,5641,8483,TRANSFER,3.5,40
160,fan_in,True,261192,9962,3198,TRANSFER,4.78,40
214,cycle,True,261727,8804,4277,TRANSFER,12.48,40
114,fan_in,True,262226,9089,6628,TRANSFER,4.01,40
282,cycle,True,262615,6695,1812,TRANSFER,10.53,40
73,fan_in,True,263512,5158,9660,TRANSFER,3.78,40
249,cycle,True,263513,7590,6575,TRANSFER,16.21,40
296,cycle,True,265421,8623,8700,TRANSFER,16.51,40
299,cycle,True,266961,5377,9987,TRANSFER,11.93,41
102,fan_in,True,267177,3451,9417,TRANSFER,3.78,41
43,fan_in,True,267314,9027,5263,TRANSFER,4.82,41
249,cycle,True,267367,796,9981,TRANSFER,16.21,41
24,fan_in,True,268043,1988,9973,TRANSFER,3.68,41
37,fan_in,True,269093,2536,2540,TRANSFER,3.35,41
20,fan_in,True,269300,5692,9695,TRANSFER,4.0,41
249,cycle,True,269868,6575,9293,TRANSFER,16.21,41
218,cycle,True,269873,9108,7972,TRANSFER,14.13,41
235,cycle,True,270118,9297,2283,TRANSFER,18.29,41
295,cycle,True,270284,1903,9844,TRANSFER,10.13,41
230,cycle,True,272357,7081,4560,TRANSFER,14.31,41
1,fan_in,True,272981,935,3142,TRANSFER,3.9,41
54,fan_in,True,273292,5919,9422,TRANSFER,4.42,42
216,cycle,True,273585,258,9928,TRANSFER,16.7,42
185,fan_in,True,274169,7554,8483,TRANSFER,3.26,42
235,cycle,True,274265,8060,9990,TRANSFER,18.29,42
114,fan_in,True,275147,8411,6628,TRANSFER,4.01,42
160,fan_in,True,275477,9891,3198,TRANSFER,4.78,42
218,cycle,True,276347,9876,7513,TRANSFER,14.13,42
214,cycle,True,276524,2243,8804,TRANSFER,12.48,42
291,cycle,True,278313,7493,1614,TRANSFER,14.0,42
37,fan_in,True,280389,3756,2540,TRANSFER,3.51,43
24,fan_in,True,281217,6462,9973,TRANSFER,4.2,43
336,cycle,True,281412,1557,9639,TRANSFER,16.29,43
43,fan_in,True,282265,9469,5263,TRANSFER,4.82,43
210,cycle,True,282345,4817,8050,TRANSFER,16.88,43
196,fan_in,True,283421,1097,9829,TRANSFER,4.53,43
102,fan_in,True,284476,8711,9417,TRANSFER,3.38,43
245,cycle,True,284695,3554,1820,TRANSFER,10.69,43
20,fan_in,True,284998,3205,9695,TRANSFER,3.71,43
295,cycle,True,285190,9844,3393,TRANSFER,10.13,43
336,cycle,True,286100,8298,1423,TRANSFER,16.29,43
97,fan_in,True,286634,4336,9006,TRANSFER,3.84,43
386,cycle,True,286635,9950,8697,TRANSFER,13.47,43
237,cycle,True,287065,2083,4070,TRANSFER,12.81,44
160,fan_in,True,287655,1150,3198,TRANSFER,4.78,44
185,fan_in,True,288299,1708,8483,TRANSFER,4.3,44
389,cycle,True,289872,9926,951,TRANSFER,14.22,44
114,fan_in,True,290309,4549,6628,TRANSFER,4.01,44
248,cycle,True,290431,9423,9951,TRANSFER,12.25,44
291,cycle,True,290721,5100,7493,TRANSFER,14.0,44
91,fan_in,True,291845,9702,3711,TRANSFER,3.5,44
97,fan_in,True,293460,2491,9006,TRANSFER,3.75,45
20,fan_in,True,294793,9966,9695,TRANSFER,3.74,45
295,cycle,True,295074,8458,1903,TRANSFER,10.13,45
299,cycle,True,295102,7548,9677,TRANSFER,11.93,45
42,fan_in,True,295164,6874,5956,TRANSFER,4.89,45
318,cycle,True,295715,9945,6931,TRANSFER,16.09,45
216,cycle,True,295749,9928,9065,TRANSFER,16.7,45
37,fan_in,True,296025,1576,2540,TRANSFER,3.52,45
296,cycle,True,296233,6340,2454,TRANSFER,16.51,45
245,cycle,True,296594,5133,7333,TRANSFER,10.69,45
196,fan_in,True,297659,5751,9829,TRANSFER,4.54,45
24,fan_in,True,297792,6327,9973,TRANSFER,3.89,45
273,cycle,True,297821,9377,7859,TRANSFER,11.52,45
210,cycle,True,298073,4965,8949,TRANSFER,16.88,45
43,fan_in,True,298384,422,5263,TRANSFER,4.82,45
304,cycle,True,299150,7171,8524,TRANSFER,15.02,45
237,cycle,True,299705,4399,4305,TRANSFER,12.81,45
273,cycle,True,301217,5071,9377,TRANSFER,11.52,46
318,cycle,True,301663,6931,1413,TRANSFER,16.09,46
299,cycle,True,301783,9677,3894,TRANSFER,11.93,46
249,cycle,True,302316,9981,7590,TRANSFER,16.21,46
91,fan_in,True,303465,2159,3711,TRANSFER,3.5,46
210,cycle,True,303856,9469,4965,TRANSFER,16.88,46
185,fan_in,True,304046,9721,8483,TRANSFER,3.88,46
237,cycle,True,304654,4305,9994,TRANSFER,12.81,46
299,cycle,True,305028,9987,7548,TRANSFER,11.93,46
389,cycle,True,305122,9620,8774,TRANSFER,14.22,46
249,cycle,True,305324,9293,796,TRANSFER,16.21,46
295,cycle,True,305551,3393,9785,TRANSFER,10.13,46
296,cycle,True,305663,2454,8623,TRANSFER,16.51,46
235,cycle,True,305825,2283,8060,TRANSFER,18.29,46
248,cycle,True,306084,4342,9423,TRANSFER,12.25,46
237,cycle,True,306153,9994,2083,TRANSFER,12.81,46
304,cycle,True,306371,3473,7171,TRANSFER,15.02,47
37,fan_in,True,306452,5513,2540,TRANSFER,4.01,47
196,fan_in,True,306635,5531,9829,TRANSFER,4.53,47
97,fan_in,True,306638,9558,9006,TRANSFER,3.29,47
111,fan_in,True,307655,8600,7517,TRANSFER,2.68,47
355,cycle,True,307750,6354,9902,TRANSFER,19.14,47
296,cycle,True,309131,9763,6340,TRANSFER,16.51,47
235,cycle,True,309913,9438,9297,TRANSFER,18.29,47
248,cycle,True,310061,9951,9412,TRANSFER,12.25,47
273,cycle,True,311186,3364,8262,TRANSFER,11.52,47
318,cycle,True,311362,9176,9945,TRANSFER,16.09,47
237,cycle,True,311512,4070,4399,TRANSFER,12.81,47
355,cycle,True,312408,8937,8618,TRANSFER,19.14,47
216,cycle,True,312777,9065,8394,TRANSFER,16.7,47
42,fan_in,True,313148,9764,5956,TRANSFER,3.4,47
218,cycle,True,313703,3338,9108,TRANSFER,14.13,48
336,cycle,True,313740,4613,1557,TRANSFER,16.29,48
218,cycle,True,314291,7513,3338,TRANSFER,14.13,48
273,cycle,True,314296,8262,5071,TRANSFER,11.52,48
291,cycle,True,314680,5681,8403,TRANSFER,14.0,48
304,cycle,True,315431,9992,3473,TRANSFER,15.02,48
291,cycle,True,315479,8403,5100,TRANSFER,14.0,48
132,fan_in,True,316072,8761,9298,TRANSFER,4.06,48
398,cycle,True,316109,8199,4144,TRANSFER,12.15,48
104,fan_in,True,316534,8408,9793,TRANSFER,3.61,48
91,fan_in,True,318762,7398,3711,TRANSFER,3.5,48
336,cycle,True,319513,1423,4613,TRANSFER,16.29,48
42,fan_in,True,319926,9604,5956,TRANSFER,3.99,49
259,cycle,True,320222,9544,4169,TRANSFER,13.22,49
318,cycle,True,320538,9249,9176,TRANSFER,16.09,49
304,cycle,True,320701,8655,9992,TRANSFER,15.02,49
196,fan_in,True,321000,1153,9829,TRANSFER,4.54,49
218,cycle,True,321156,7972,9876,TRANSFER,14.13,49
355,cycle,True,321383,8618,6354,TRANSFER,19.14,49
273,cycle,True,322530,7859,3364,TRANSFER,11.52,49
318,cycle,True,322917,1413,9249,TRANSFER,16.09,49
111,fan_in,True,323649,9106,7517,TRANSFER,2.66,49
379,cycle,True,324057,368,1001,TRANSFER,19.6,49
389,cycle,True,325914,5946,9620,TRANSFER,14.22,49
97,fan_in,True,326314,6375,9006,TRANSFER,4.44,49
398,cycle,True,326384,9835,5877,TRANSFER,12.15,50
291,cycle,True,326686,1614,5681,TRANSFER,14.0,50
296,cycle,True,327264,8700,9763,TRANSFER,16.51,50
132,fan_in,True,327270,4491,9298,TRANSFER,4.15,50
248,cycle,True,328380,9412,5733,TRANSFER,12.25,50
259,cycle,True,329637,9951,9544,TRANSFER,13.22,50
304,cycle,True,330164,8524,8655,TRANSFER,15.02,50
259,cycle,True,330739,4169,4951,TRANSFER,13.22,50
355,cycle,True,330862,9902,7720,TRANSFER,19.14,50
235,cycle,True,330973,9990,9438,TRANSFER,18.29,50
248,cycle,True,331573,5733,4342,TRANSFER,12.25,50
91,fan_in,True,331910,6694,3711,TRANSFER,3.5,50
336,cycle,True,332525,9639,8298,TRANSFER,16.29,50
104,fan_in,True,333093,5034,9793,TRANSFER,3.61,50
245,cycle,True,333791,1820,5133,TRANSFER,10.69,51
42,fan_in,True,333994,9837,5956,TRANSFER,3.53,51
259,cycle,True,334940,4951,7909,TRANSFER,13.22,51
355,cycle,True,336306,7720,8937,TRANSFER,19.14,51
111,fan_in,True,336497,9899,7517,TRANSFER,2.67,51
389,cycle,True,337762,8774,9926,TRANSFER,14.22,51
245,cycle,True,337936,7333,9993,TRANSFER,10.69,51
389,cycle,True,339424,951,5946,TRANSFER,14.22,51
132,fan_in,True,341435,5973,9298,TRANSFER,4.17,52
216,cycle,True,342306,8394,9588,TRANSFER,16.7,52
216,cycle,True,344344,9588,258,TRANSFER,16.7,52
104,fan_in,True,345744,8859,9793,TRANSFER,3.61,52
213,cycle,True,345943,9697,4588,TRANSFER,11.02,52
379,cycle,True,346185,9202,9886,TRANSFER,19.6,52
213,cycle,True,346848,4588,9220,TRANSFER,11.02,52
340,cycle,True,348260,6735,6976,TRANSFER,16.04,53
327,cycle,True,349097,9817,8115,TRANSFER,15.43,53
245,cycle,True,349345,9993,3554,TRANSFER,10.69,53
259,cycle,True,352174,7909,9951,TRANSFER,13.22,53
111,fan_in,True,353847,9885,7517,TRANSFER,2.66,53
327,cycle,True,355396,7768,9817,TRANSFER,15.43,54
340,cycle,True,356659,6976,8017,TRANSFER,16.04,54
104,fan_in,True,356706,5836,9793,TRANSFER,3.61,54
132,fan_in,True,357606,9601,9298,TRANSFER,4.16,54
52,fan_in,True,358991,8523,9849,TRANSFER,3.02,54
379,cycle,True,359731,9886,2383,TRANSFER,19.6,54
379,cycle,True,360582,2383,368,TRANSFER,19.6,55
340,cycle,True,360989,3674,2121,TRANSFER,16.04,55
327,cycle,True,362888,3749,9711,TRANSFER,15.43,55
315,cycle,True,363530,6414,4039,TRANSFER,19.47,55
327,cycle,True,365145,8115,3749,TRANSFER,15.43,55
398,cycle,True,366083,1609,9835,TRANSFER,12.15,55
327,cycle,True,366608,9711,7768,TRANSFER,15.43,56
315,cycle,True,366672,4039,9648,TRANSFER,19.47,56
52,fan_in,True,369530,8579,9849,TRANSFER,4.16,56
40,fan_in,True,371508,6482,5840,TRANSFER,2.69,56
225,cycle,True,372323,5323,9990,TRANSFER,16.36,56
213,cycle,True,372639,9623,9812,TRANSFER,11.02,56
398,cycle,True,372873,4144,1609,TRANSFER,12.15,56
379,cycle,True,373870,1001,9202,TRANSFER,19.6,57
122,fan_in,True,373995,9288,4769,TRANSFER,3.43,57
58,fan_in,True,375075,4237,5933,TRANSFER,4.03,57
357,cycle,True,378406,2172,7790,TRANSFER,17.54,57
357,cycle,True,378429,9654,5575,TRANSFER,17.54,57
30,fan_in,True,379869,3545,9983,TRANSFER,4.21,57
52,fan_in,True,380152,9070,9849,TRANSFER,3.04,58
343,cycle,True,380584,3014,7226,TRANSFER,14.96,58
398,cycle,True,381480,5877,8199,TRANSFER,12.15,58
233,cycle,True,382737,9996,6344,TRANSFER,18.56,58
40,fan_in,True,384814,8004,5840,TRANSFER,3.36,58
352,cycle,True,385234,5155,1620,TRANSFER,10.92,58
225,cycle,True,385567,6091,5323,TRANSFER,16.36,58
382,cycle,True,387287,6284,9573,TRANSFER,15.32,59
122,fan_in,True,388083,6602,4769,TRANSFER,3.36,59
58,fan_in,True,388857,7223,5933,TRANSFER,4.0,59
121,fan_in,True,388980,9888,9975,TRANSFER,4.17,59
30,fan_in,True,388981,9879,9983,TRANSFER,4.24,59
213,cycle,True,389455,9220,9623,TRANSFER,11.02,59
315,cycle,True,389620,9648,3954,TRANSFER,19.47,59
233,cycle,True,391256,5361,7908,TRANSFER,18.56,59
357,cycle,True,392066,7790,9654,TRANSFER,17.54,59
382,cycle,True,394528,5423,8964,TRANSFER,15.32,60
340,cycle,True,394535,8017,3674,TRANSFER,16.04,60
359,cycle,True,394919,3004,9725,TRANSFER,10.1,60
352,cycle,True,395160,1367,5127,TRANSFER,10.92,60
233,cycle,True,395651,9518,9996,TRANSFER,18.56,60
359,cycle,True,397040,2818,3004,TRANSFER,10.1,60
40,fan_in,True,397813,4494,5840,TRANSFER,4.57,60
315,cycle,True,398126,3954,9843,TRANSFER,19.47,60
52,fan_in,True,398343,8159,9849,TRANSFER,3.57,60
382,cycle,True,400063,5315,6284,TRANSFER,15.32,61
213,cycle,True,400109,9812,9697,TRANSFER,11.02,61
340,cycle,True,400189,2121,6735,TRANSFER,16.04,61
30,fan_in,True,401056,9934,9983,TRANSFER,4.21,61
122,fan_in,True,402087,7556,4769,TRANSFER,3.35,61
226,cycle,True,402106,7562,2398,TRANSFER,17.36,61
121,fan_in,True,403562,6562,9975,TRANSFER,4.14,61
343,cycle,True,404101,2198,3014,TRANSFER,14.96,61
226,cycle,True,404111,2398,8215,TRANSFER,17.36,61
58,fan_in,True,404327,86,5933,TRANSFER,4.18,61
357,cycle,True,407203,5575,9920,TRANSFER,17.54,62
393,cycle,True,410415,8957,1784,TRANSFER,13.15,62
225,cycle,True,410967,9871,7696,TRANSFER,16.36,62
225,cycle,True,410989,7696,6091,TRANSFER,16.36,62
238,cycle,True,411475,2927,4162,TRANSFER,17.2,62
357,cycle,True,411639,9920,2172,TRANSFER,17.54,62
141,fan_in,True,411970,7704,1681,TRANSFER,2.6,62
40,fan_in,True,412296,2487,5840,TRANSFER,3.16,62
30,fan_in,True,414048,2270,9983,TRANSFER,4.35,63
352,cycle,True,414681,1620,1367,TRANSFER,10.92,63
238,cycle,True,415952,4103,9940,TRANSFER,17.2,63
396,cycle,True,416202,6682,6223,TRANSFER,10.3,63
122,fan_in,True,416228,8816,4769,TRANSFER,3.3,63
393,cycle,True,416739,4843,588,TRANSFER,13.15,63
286,cycle,True,416786,2709,4526,TRANSFER,13.42,63
121,fan_in,True,417277,9711,9975,TRANSFER,4.14,63
10,fan_in,True,417317,9589,9269,TRANSFER,4.4,63
376,cycle,True,418740,9940,4740,TRANSFER,13.56,63
58,fan_in,True,418768,9967,5933,TRANSFER,3.98,63
376,cycle,True,419368,3463,9940,TRANSFER,13.56,63
178,fan_in,True,419512,9768,1854,TRANSFER,3.6,63
286,cycle,True,420694,7244,2709,TRANSFER,13.42,64
315,cycle,True,421158,9843,6414,TRANSFER,19.47,64
233,cycle,True,422599,6344,5361,TRANSFER,18.56,64
343,cycle,True,422672,7226,9812,TRANSFER,14.96,64
393,cycle,True,422766,1784,8282,TRANSFER,13.15,64
362,cycle,True,422997,7579,8252,TRANSFER,15.6,64
226,cycle,True,423251,8215,5024,TRANSFER,17.36,64
226,cycle,True,423550,7097,7562,TRANSFER,17.36,64
382,cycle,True,424889,9573,5423,TRANSFER,15.32,64
141,fan_in,True,426246,8911,1681,TRANSFER,3.39,64
178,fan_in,True,427399,9160,1854,TRANSFER,4.04,65
121,fan_in,True,428140,8165,9975,TRANSFER,4.17,65
343,cycle,True,429129,9812,7234,TRANSFER,14.96,65
10,fan_in,True,430748,4651,9269,TRANSFER,4.62,65
396,cycle,True,431666,6223,7392,TRANSFER,10.3,65
226,cycle,True,434176,5024,7097,TRANSFER,17.36,66
131,fan_in,True,434221,8912,8857,TRANSFER,4.02,66
51,fan_in,True,434880,3360,3033,TRANSFER,4.09,66
396,cycle,True,435666,8970,6682,TRANSFER,10.3,66
382,cycle,True,436440,8964,5315,TRANSFER,15.32,66
359,cycle,True,436931,9725,3503,TRANSFER,10.1,66
393,cycle,True,437638,8282,4843,TRANSFER,13.15,66
141,fan_in,True,437883,8215,1681,TRANSFER,3.25,66
233,cycle,True,438498,7908,9518,TRANSFER,18.56,66
225,cycle,True,438647,9990,9871,TRANSFER,16.36,66
343,cycle,True,438933,7234,2198,TRANSFER,14.96,66
352,cycle,True,440226,6656,5155,TRANSFER,10.92,67
10,fan_in,True,441309,2965,9269,TRANSFER,4.34,67
352,cycle,True,442727,5127,6656,TRANSFER,10.92,67
286,cycle,True,442932,4526,4103,TRANSFER,13.42,67
362,cycle,True,443638,7130,7579,TRANSFER,15.6,67
359,cycle,True,443947,3503,4720,TRANSFER,10.1,67
396,cycle,True,444287,7392,5393,TRANSFER,10.3,67
178,fan_in,True,444471,7124,1854,TRANSFER,4.0,67
246,cycle,True,444517,5685,5924,TRANSFER,12.64,67
238,cycle,True,445254,9940,6343,TRANSFER,17.2,67
12,fan_in,True,445394,8240,6119,TRANSFER,3.6,67
362,cycle,True,446225,2188,7130,TRANSFER,15.6,68
142,fan_in,True,446457,8004,6112,TRANSFER,4.86,68
287,cycle,True,446725,4819,1163,TRANSFER,12.39,68
238,cycle,True,446737,6343,2927,TRANSFER,17.2,68
147,fan_in,True,447156,9738,9761,TRANSFER,4.12,68
131,fan_in,True,448312,8602,8857,TRANSFER,3.24,68
48,fan_in,True,448340,5824,9876,TRANSFER,4.21,68
393,cycle,True,449321,588,8957,TRANSFER,13.15,68
141,fan_in,True,450773,7615,1681,TRANSFER,3.03,68
238,cycle,True,451211,4162,4103,TRANSFER,17.2,68
51,fan_in,True,451703,639,3033,TRANSFER,4.12,68
78,fan_in,True,452645,2848,8526,TRANSFER,3.13,69
359,cycle,True,454538,4720,2818,TRANSFER,10.1,69
178,fan_in,True,455070,9757,1854,TRANSFER,4.05,69
362,cycle,True,456260,9576,2188,TRANSFER,15.6,69
12,fan_in,True,457794,6256,6119,TRANSFER,3.23,69
396,cycle,True,457871,5393,8970,TRANSFER,10.3,69
10,fan_in,True,457915,5734,9269,TRANSFER,4.4,69
287,cycle,True,457972,9742,6935,TRANSFER,12.39,69
103,fan_in,True,458783,7264,9321,TRANSFER,3.7,69
286,cycle,True,458802,4103,7537,TRANSFER,13.42,69
131,fan_in,True,459794,9963,8857,TRANSFER,3.82,70
246,cycle,True,460277,8352,900,TRANSFER,12.64,70
362,cycle,True,460648,8252,9576,TRANSFER,15.6,70
147,fan_in,True,461772,9043,9761,TRANSFER,3.49,70
51,fan_in,True,461864,9631,3033,TRANSFER,4.14,70
142,fan_in,True,462624,3741,6112,TRANSFER,3.69,70
246,cycle,True,464871,900,5685,TRANSFER,12.64,70
48,fan_in,True,465539,7449,9876,TRANSFER,3.03,70
109,fan_in,True,466590,8992,9972,TRANSFER,2.74,71
103,fan_in,True,468307,9635,9321,TRANSFER,3.35,71
78,fan_in,True,468649,928,8526,TRANSFER,2.85,71
376,cycle,True,470008,3092,9670,TRANSFER,13.56,71
278,cycle,True,470120,8634,8786,TRANSFER,14.17,71
376,cycle,True,471301,9670,3463,TRANSFER,13.56,71
12,fan_in,True,471605,4988,6119,TRANSFER,3.66,71
286,cycle,True,471682,7537,7244,TRANSFER,13.42,71
278,cycle,True,471732,7462,8511,TRANSFER,14.17,71
376,cycle,True,472104,4740,3092,TRANSFER,13.56,71
305,cycle,True,472880,6110,6047,TRANSFER,10.06,72
142,fan_in,True,473160,390,6112,TRANSFER,4.36,72
96,fan_in,True,473597,992,8380,TRANSFER,3.48,72
287,cycle,True,474747,6935,4819,TRANSFER,12.39,72
48,fan_in,True,474764,9181,9876,TRANSFER,3.04,72
147,fan_in,True,475107,3666,9761,TRANSFER,3.71,72
51,fan_in,True,475697,7703,3033,TRANSFER,4.15,72
305,cycle,True,475705,9549,6110,TRANSFER,10.06,72
131,fan_in,True,476662,7493,8857,TRANSFER,4.09,72
109,fan_in,True,481163,7564,9972,TRANSFER,2.69,73
12,fan_in,True,481495,845,6119,TRANSFER,4.52,73
149,fan_in,True,481909,9979,9985,TRANSFER,2.93,73
55,fan_in,True,483457,4643,9710,TRANSFER,3.19,73
246,cycle,True,483908,1592,8352,TRANSFER,12.64,73
103,fan_in,True,484111,3693,9321,TRANSFER,3.91,73
78,fan_in,True,485457,8366,8526,TRANSFER,3.22,73
154,fan_in,True,486543,9999,8767,TRANSFER,4.28,74
278,cycle,True,487213,8511,8634,TRANSFER,14.17,74
142,fan_in,True,488037,4079,6112,TRANSFER,3.6,74
83,fan_in,True,488318,9496,7633,TRANSFER,3.36,74
147,fan_in,True,489737,6751,9761,TRANSFER,2.95,74
48,fan_in,True,490478,609,9876,TRANSFER,4.31,74
96,fan_in,True,490641,2795,8380,TRANSFER,3.47,74
310,cycle,True,491377,9185,8250,TRANSFER,11.4,74
310,cycle,True,491624,8250,5020,TRANSFER,11.4,74
310,cycle,True,492116,5020,8569,TRANSFER,11.4,74
29,fan_in,True,492426,9986,9485,TRANSFER,3.4,74
103,fan_in,True,493595,4302,9321,TRANSFER,3.39,75
246,cycle,True,494052,5924,1592,TRANSFER,12.64,75
278,cycle,True,494237,8786,4178,TRANSFER,14.17,75
109,fan_in,True,494546,7706,9972,TRANSFER,2.74,75
149,fan_in,True,495244,316,9985,TRANSFER,2.92,75
55,fan_in,True,496253,9858,9710,TRANSFER,3.19,75
78,fan_in,True,497639,4797,8526,TRANSFER,3.06,75
305,cycle,True,498579,7804,9549,TRANSFER,10.06,75
310,cycle,True,500139,8569,496,TRANSFER,11.4,76
83,fan_in,True,501006,9799,7633,TRANSFER,3.36,76
154,fan_in,True,501093,771,8767,TRANSFER,4.34,76
29,fan_in,True,504071,9700,9485,TRANSFER,4.7,76
96,fan_in,True,505382,9701,8380,TRANSFER,3.46,76
269,cycle,True,506012,5129,9650,TRANSFER,14.44,77
55,fan_in,True,506762,9907,9710,TRANSFER,3.19,77
117,fan_in,True,506802,7290,3079,TRANSFER,3.81,77
149,fan_in,True,506815,9230,9985,TRANSFER,4.61,77
287,cycle,True,508852,9341,9742,TRANSFER,12.39,77
278,cycle,True,509209,4178,7462,TRANSFER,14.17,77
287,cycle,True,510080,1163,9341,TRANSFER,12.39,77
109,fan_in,True,511538,8187,9972,TRANSFER,2.83,77
96,fan_in,True,512229,8030,8380,TRANSFER,3.54,78
83,fan_in,True,513075,8230,7633,TRANSFER,3.32,78
269,cycle,True,513148,9619,9567,TRANSFER,14.44,78
305,cycle,True,513406,5130,7804,TRANSFER,10.06,78
29,fan_in,True,513604,6990,9485,TRANSFER,3.48,78
305,cycle,True,513654,6047,5130,TRANSFER,10.06,78
154,fan_in,True,513945,9361,8767,TRANSFER,4.03,78
277,cycle,True,515589,2532,5272,TRANSFER,15.81,78
277,cycle,True,516343,7756,2532,TRANSFER,15.81,78
310,cycle,True,516404,496,9185,TRANSFER,11.4,78
269,cycle,True,516494,9555,9619,TRANSFER,14.44,78
112,fan_in,True,516517,7248,4474,TRANSFER,2.98,78
89,fan_in,True,520058,5537,9432,TRANSFER,3.47,79
227,cycle,True,520066,1629,3849,TRANSFER,14.09,79
269,cycle,True,520095,9567,5129,TRANSFER,14.44,79
117,fan_in,True,521942,9140,3079,TRANSFER,4.59,79
55,fan_in,True,522466,9362,9710,TRANSFER,3.19,79
149,fan_in,True,522814,6689,9985,TRANSFER,4.24,79
29,fan_in,True,525326,9997,9485,TRANSFER,4.29,80
112,fan_in,True,526105,7363,4474,TRANSFER,3.51,80
83,fan_in,True,527939,4241,7633,TRANSFER,3.33,80
22,fan_in,True,529210,9617,2491,TRANSFER,3.3,80
154,fan_in,True,530759,8999,8767,TRANSFER,4.01,80
275,cycle,True,530905,5911,7001,TRANSFER,16.62,80
81,fan_in,True,531302,2920,7972,TRANSFER,3.08,80
57,fan_in,True,533539,3098,9631,TRANSFER,3.81,81
345,cycle,True,533838,9759,9948,TRANSFER,19.22,81
129,fan_in,True,535857,7312,7490,TRANSFER,3.66,81
117,fan_in,True,535895,4285,3079,TRANSFER,4.36,81
277,cycle,True,536855,5272,9969,TRANSFER,15.81,81
89,fan_in,True,537309,2516,9432,TRANSFER,3.35,81
152,fan_in,True,538767,3456,9984,TRANSFER,3.32,81
319,cycle,True,539598,3064,6292,TRANSFER,19.02,82
112,fan_in,True,541076,5548,4474,TRANSFER,3.24,82
181,fan_in,True,543109,8616,7099,TRANSFER,3.35,82
81,fan_in,True,543124,9617,7972,TRANSFER,2.75,82
22,fan_in,True,544181,4257,2491,TRANSFER,3.3,82
227,cycle,True,545505,2628,1629,TRANSFER,14.09,82
277,cycle,True,547354,9969,992,TRANSFER,15.81,83
129,fan_in,True,548227,4643,7490,TRANSFER,3.21,83
347,cycle,True,548646,9514,1219,TRANSFER,12.84,83
146,fan_in,True,548688,9952,2913,TRANSFER,4.05,83
89,fan_in,True,549217,7973,9432,TRANSFER,4.51,83
117,fan_in,True,549392,7598,3079,TRANSFER,3.53,83
57,fan_in,True,549752,6803,9631,TRANSFER,3.97,83
275,cycle,True,549789,1391,8257,TRANSFER,16.62,83
319,cycle,True,549806,7396,8742,TRANSFER,19.02,83
319,cycle,True,550991,1703,3064,TRANSFER,19.02,83
269,cycle,True,552304,9650,9555,TRANSFER,14.44,83
152,fan_in,True,552335,987,9984,TRANSFER,3.52,83
84,fan_in,True,552402,49,2910,TRANSFER,4.21,84
331,cycle,True,553743,7957,5266,TRANSFER,14.78,84
345,cycle,True,554456,8298,9759,TRANSFER,19.22,84
271,cycle,True,554747,9971,5782,TRANSFER,10.73,84
22,fan_in,True,555916,8412,2491,TRANSFER,3.3,84
7,fan_in,True,556196,9467,2997,TRANSFER,4.75,84
81,fan_in,True,556458,4229,7972,TRANSFER,2.91,84
112,fan_in,True,556801,5162,4474,TRANSFER,3.84,84
181,fan_in,True,557493,9302,7099,TRANSFER,4.05,84
146,fan_in,True,559786,4811,2913,TRANSFER,4.05,85
89,fan_in,True,559875,4766,9432,TRANSFER,4.22,85
110,fan_in,True,560076,6561,7029,TRANSFER,2.89,85
392,cycle,True,560539,2926,7223,TRANSFER,15.36,85
324,cycle,True,560801,2735,8782,TRANSFER,11.3,85
227,cycle,True,561543,2627,2628,TRANSFER,14.09,85
57,fan_in,True,562814,9930,9631,TRANSFER,3.66,85
152,fan_in,True,563365,9838,9984,TRANSFER,3.53,85
271,cycle,True,563727,4534,8502,TRANSFER,10.73,85
227,cycle,True,563932,3849,9906,TRANSFER,14.09,85
129,fan_in,True,564682,6730,7490,TRANSFER,3.44,85
345,cycle,True,565206,9948,8357,TRANSFER,19.22,86
227,cycle,True,565835,9906,2627,TRANSFER,14.09,86
392,cycle,True,565897,7223,7441,TRANSFER,15.36,86
347,cycle,True,566028,1219,8346,TRANSFER,12.84,86
81,fan_in,True,566222,7649,7972,TRANSFER,2.8,86
181,fan_in,True,566365,5662,7099,TRANSFER,3.55,86
22,fan_in,True,566525,9265,2491,TRANSFER,3.3,86
324,cycle,True,567020,858,2735,TRANSFER,11.3,86
7,fan_in,True,567520,5919,2997,TRANSFER,4.75,86
84,fan_in,True,570614,9162,2910,TRANSFER,4.24,86
277,cycle,True,571245,992,7756,TRANSFER,15.81,86
392,cycle,True,571923,7441,4490,TRANSFER,15.36,87
331,cycle,True,571934,5266,8585,TRANSFER,14.78,87
331,cycle,True,572640,8585,9745,TRANSFER,14.78,87
275,cycle,True,573093,6762,1391,TRANSFER,16.62,87
324,cycle,True,573537,977,858,TRANSFER,11.3,87
146,fan_in,True,573685,4716,2913,TRANSFER,4.05,87
70,fan_in,True,574229,8808,8163,TRANSFER,3.55,87
129,fan_in,True,574410,1259,7490,TRANSFER,3.61,87
110,fan_in,True,575462,8290,7029,TRANSFER,2.89,87
152,fan_in,True,577166,153,9984,TRANSFER,3.06,87
57,fan_in,True,577742,3054,9631,TRANSFER,4.27,87
349,cycle,True,577992,5468,5848,TRANSFER,17.32,87
392,cycle,True,578038,9469,2926,TRANSFER,15.36,87
308,cycle,True,578384,8642,4651,TRANSFER,12.56,88
274,cycle,True,578789,9840,4155,TRANSFER,11.52,88
349,cycle,True,578793,5848,6649,TRANSFER,17.32,88
347,cycle,True,579200,5367,7993,TRANSFER,12.84,88
7,fan_in,True,581429,9854,2997,TRANSFER,4.75,88
181,fan_in,True,582763,8527,7099,TRANSFER,3.01,88
347,cycle,True,583163,8346,5367,TRANSFER,12.84,88
194,fan_in,True,583166,1168,6626,TRANSFER,3.49,88
275,cycle,True,584261,8257,5911,TRANSFER,16.62,88
84,fan_in,True,584334,9941,2910,TRANSFER,4.19,88
146,fan_in,True,584787,9579,2913,TRANSFER,4.05,89
345,cycle,True,585176,6983,8298,TRANSFER,19.22,89
319,cycle,True,585318,8742,1703,TRANSFER,19.02,89
110,fan_in,True,585441,9602,7029,TRANSFER,2.89,89
275,cycle,True,585737,7001,6762,TRANSFER,16.62,89
70,fan_in,True,585852,9835,8163,TRANSFER,3.6,89
319,cycle,True,586055,6292,7396,TRANSFER,19.02,89
345,cycle,True,586353,8357,6983,TRANSFER,19.22,89
392,cycle,True,589422,4490,9469,TRANSFER,15.36,89
331,cycle,True,589893,9745,5066,TRANSFER,14.78,89
274,cycle,True,589897,4155,7628,TRANSFER,11.52,89
17,fan_in,True,590714,9881,6794,TRANSFER,4.73,89
349,cycle,True,590884,3926,5468,TRANSFER,17.32,89
274,cycle,True,591681,7891,9063,TRANSFER,11.52,90
46,fan_in,True,592501,8200,9645,TRANSFER,3.88,90
347,cycle,True,592535,7993,9514,TRANSFER,12.84,90
331,cycle,True,592919,5066,7957,TRANSFER,14.78,90
200,cycle,True,593438,9721,9057,TRANSFER,17.17,90
194,fan_in,True,594991,8425,6626,TRANSFER,3.57,90
7,fan_in,True,595938,2751,2997,TRANSFER,4.75,90
84,fan_in,True,596156,9063,2910,TRANSFER,4.18,90
274,cycle,True,596157,9063,9840,TRANSFER,11.52,90
85,fan_in,True,597830,8207,4621,TRANSFER,4.35,90
308,cycle,True,598513,2090,9990,TRANSFER,12.56,91
17,fan_in,True,599158,9803,6794,TRANSFER,4.61,91
349,cycle,True,599370,6649,9940,TRANSFER,17.32,91
270,cycle,True,600579,7439,5833,TRANSFER,19.47,91
200,cycle,True,600800,1670,9721,TRANSFER,17.17,91
324,cycle,True,601192,8782,4471,TRANSFER,11.3,91
110,fan_in,True,601251,9722,7029,TRANSFER,2.89,91
349,cycle,True,601392,9940,3926,TRANSFER,17.32,91
11,fan_in,True,601568,4256,2223,TRANSFER,3.03,91
324,cycle,True,601774,4471,977,TRANSFER,11.3,91
70,fan_in,True,602083,2018,8163,TRANSFER,3.6,91
270,cycle,True,602436,4102,7439,TRANSFER,19.47,91
274,cycle,True,602805,7628,7891,TRANSFER,11.52,91
270,cycle,True,602920,4590,806,TRANSFER,19.47,91
165,fan_in,True,603732,8808,6910,TRANSFER,4.32,91
31,fan_in,True,603966,8787,1130,TRANSFER,2.95,91
85,fan_in,True,604823,9967,4621,TRANSFER,4.35,92
328,cycle,True,605789,9654,9754,TRANSFER,11.25,92
34,fan_in,True,606023,6673,9698,TRANSFER,4.73,92
46,fan_in,True,608723,5304,9645,TRANSFER,3.62,92
194,fan_in,True,610037,8128,6626,TRANSFER,3.19,92
200,cycle,True,610222,9057,9118,TRANSFER,17.17,92
56,fan_in,True,611461,9956,9751,TRANSFER,2.92,93
31,fan_in,True,612567,2451,1130,TRANSFER,2.95,93
70,fan_in,True,613083,8894,8163,TRANSFER,3.52,93
271,cycle,True,613555,7865,9971,TRANSFER,10.73,93
165,fan_in,True,613727,2626,6910,TRANSFER,4.26,93
11,fan_in,True,614312,9922,2223,TRANSFER,3.16,93
328,cycle,True,616591,9590,1300,TRANSFER,11.25,93
308,cycle,True,616623,9986,2090,TRANSFER,12.56,93
271,cycle,True,616742,5782,4534,TRANSFER,10.73,93
271,cycle,True,616911,8502,7865,TRANSFER,10.73,93
17,fan_in,True,617789,8316,6794,TRANSFER,4.74,93
46,fan_in,True,618114,7474,9645,TRANSFER,3.79,94
34,fan_in,True,619106,9876,9698,TRANSFER,4.82,94
85,fan_in,True,621099,8221,4621,TRANSFER,4.35,94
270,cycle,True,621857,806,4102,TRANSFER,19.47,94
270,cycle,True,621905,5833,4590,TRANSFER,19.47,94
194,fan_in,True,622716,1894,6626,TRANSFER,4.63,94
99,fan_in,True,623141,2272,2785,TRANSFER,4.18,94
11,fan_in,True,626629,8916,2223,TRANSFER,2.97,95
56,fan_in,True,627519,9119,9751,TRANSFER,2.92,95
31,fan_in,True,628802,9387,1130,TRANSFER,2.95,95
17,fan_in,True,628882,3983,6794,TRANSFER,4.4,95
165,fan_in,True,630100,6092,6910,TRANSFER,4.3,95
85,fan_in,True,631068,6575,4621,TRANSFER,4.35,96
34,fan_in,True,631185,5669,9698,TRANSFER,4.74,96
200,cycle,True,631293,9118,9989,TRANSFER,17.17,96
308,cycle,True,633783,9990,8642,TRANSFER,12.56,96
46,fan_in,True,635785,9983,9645,TRANSFER,3.78,96
99,fan_in,True,636553,9994,2785,TRANSFER,4.04,96
56,fan_in,True,637891,4732,9751,TRANSFER,2.92,97
31,fan_in,True,639761,9334,1130,TRANSFER,2.95,97
328,cycle,True,639945,1300,9970,TRANSFER,11.25,97
308,cycle,True,640162,4651,9986,TRANSFER,12.56,97
200,cycle,True,640796,9989,1670,TRANSFER,17.17,97
11,fan_in,True,641022,9973,2223,TRANSFER,3.12,97
33,fan_in,True,641687,3745,6189,TRANSFER,3.43,97
71,fan_in,True,642296,4624,6906,TRANSFER,4.71,97
165,fan_in,True,643546,4186,6910,TRANSFER,4.3,97
328,cycle,True,643607,9970,9654,TRANSFER,11.25,97
34,fan_in,True,647308,9998,9698,TRANSFER,4.84,98
328,cycle,True,648221,9754,9590,TRANSFER,11.25,98
198,fan_in,True,649136,8108,7320,TRANSFER,4.34,98
99,fan_in,True,649918,5123,2785,TRANSFER,4.52,98
56,fan_in,True,650940,6589,9751,TRANSFER,2.92,99
71,fan_in,True,651682,4793,6906,TRANSFER,4.71,99
203,cycle,True,652052,8799,8608,TRANSFER,17.64,99
33,fan_in,True,654940,4355,6189,TRANSFER,4.52,99
203,cycle,True,659614,6089,4586,TRANSFER,17.64,100
99,fan_in,True,659624,9496,2785,TRANSFER,4.32,100
198,fan_in,True,664011,8532,7320,TRANSFER,3.47,100
229,cycle,True,665096,8003,9868,TRANSFER,18.54,101
203,cycle,True,665769,1600,8799,TRANSFER,17.64,101
33,fan_in,True,665802,6470,6189,TRANSFER,4.2,101
71,fan_in,True,668306,740,6906,TRANSFER,4.71,101
203,cycle,True,668987,4586,1600,TRANSFER,17.64,101
229,cycle,True,672229,9078,9963,TRANSFER,18.54,102
301,cycle,True,675241,5000,1456,TRANSFER,17.29,102
229,cycle,True,675664,9868,9078,TRANSFER,18.54,102
198,fan_in,True,676365,3085,7320,TRANSFER,4.09,102
71,fan_in,True,679637,4222,6906,TRANSFER,4.71,103
301,cycle,True,680762,1456,9954,TRANSFER,17.29,103
33,fan_in,True,680931,8947,6189,TRANSFER,3.13,103
128,fan_in,True,682222,1928,7973,TRANSFER,4.47,103
301,cycle,True,686439,9954,2443,TRANSFER,17.29,104
198,fan_in,True,686823,2279,7320,TRANSFER,4.5,104
397,cycle,True,686856,9877,3133,TRANSFER,11.5,104
62,fan_in,True,687192,5177,9044,TRANSFER,3.06,104
229,cycle,True,688392,8361,8003,TRANSFER,18.54,104
255,cycle,True,690547,4724,5683,TRANSFER,13.43,104
255,cycle,True,691864,9684,4724,TRANSFER,13.43,105
28,fan_in,True,692039,1136,2274,TRANSFER,2.91,105
364,cycle,True,692312,9977,1923,TRANSFER,16.85,105
263,cycle,True,696650,7297,9123,TRANSFER,17.85,105
128,fan_in,True,697104,1860,7973,TRANSFER,4.47,105
265,cycle,True,698327,1344,9832,TRANSFER,16.79,106
62,fan_in,True,699961,2682,9044,TRANSFER,3.33,106
169,fan_in,True,700622,1804,7448,TRANSFER,3.86,106
364,cycle,True,700956,9343,8008,TRANSFER,16.85,106
254,cycle,True,703033,9967,9799,TRANSFER,16.61,106
254,cycle,True,704335,3907,8948,TRANSFER,16.61,107
301,cycle,True,706796,2443,5355,TRANSFER,17.29,107
128,fan_in,True,708173,9508,7973,TRANSFER,4.47,107
265,cycle,True,708489,7099,9372,TRANSFER,16.79,107
378,cycle,True,708872,8056,3234,TRANSFER,14.48,107
397,cycle,True,708936,9288,3128,TRANSFER,11.5,107
203,cycle,True,709037,8608,6089,TRANSFER,17.64,107
254,cycle,True,709558,8605,9967,TRANSFER,16.61,107
28,fan_in,True,710546,5491,2274,TRANSFER,3.29,107
301,cycle,True,711325,5355,5000,TRANSFER,17.29,108
62,fan_in,True,711646,7834,9044,TRANSFER,3.5,108
229,cycle,True,711709,9963,8361,TRANSFER,18.54,108
397,cycle,True,715996,3133,9288,TRANSFER,11.5,108
169,fan_in,True,716268,6925,7448,TRANSFER,3.82,108
263,cycle,True,716971,9606,9960,TRANSFER,17.85,108
370,cycle,True,720673,6772,7485,TRANSFER,15.15,109
28,fan_in,True,721846,9716,2274,TRANSFER,3.24,109
13,fan_in,True,722200,9984,9145,TRANSFER,3.42,109
128,fan_in,True,723011,9806,7973,TRANSFER,4.47,109
364,cycle,True,723055,1923,4421,TRANSFER,16.85,109
254,cycle,True,723248,8948,8605,TRANSFER,16.61,109
262,cycle,True,724115,9120,4515,TRANSFER,18.98,110
370,cycle,True,724264,8648,9361,TRANSFER,15.15,110
378,cycle,True,725190,9892,9310,TRANSFER,14.48,110
378,cycle,True,725194,3234,9892,TRANSFER,14.48,110
263,cycle,True,725588,9123,7664,TRANSFER,17.85,110
169,fan_in,True,725851,3925,7448,TRANSFER,3.39,110
254,cycle,True,726448,9799,3907,TRANSFER,16.61,110
62,fan_in,True,727825,7719,9044,TRANSFER,3.16,110
265,cycle,True,728902,9372,1294,TRANSFER,16.79,110
255,cycle,True,730957,4756,3151,TRANSFER,13.43,111
45,fan_in,True,731917,2993,9802,TRANSFER,4.32,111
378,cycle,True,732934,9310,9271,TRANSFER,14.48,111
263,cycle,True,732972,9960,7297,TRANSFER,17.85,111
28,fan_in,True,733174,2479,2274,TRANSFER,2.84,111
13,fan_in,True,734505,9995,9145,TRANSFER,3.38,111
263,cycle,True,736052,7664,9606,TRANSFER,17.85,111
255,cycle,True,738715,3151,9684,TRANSFER,13.43,112
262,cycle,True,739177,4515,5493,TRANSFER,18.98,112
101,fan_in,True,739389,8276,4945,TRANSFER,3.75,112
370,cycle,True,739469,7485,8648,TRANSFER,15.15,112
169,fan_in,True,740940,6295,7448,TRANSFER,4.39,112
364,cycle,True,741411,4421,9343,TRANSFER,16.85,112
370,cycle,True,743583,9116,6772,TRANSFER,15.15,112
364,cycle,True,744629,8008,9977,TRANSFER,16.85,113
370,cycle,True,746323,9361,9116,TRANSFER,15.15,113
265,cycle,True,746594,1294,1344,TRANSFER,16.79,113
13,fan_in,True,746623,9261,9145,TRANSFER,3.35,113
397,cycle,True,747842,5107,9877,TRANSFER,11.5,113
236,cycle,True,747881,9890,7235,TRANSFER,15.0,113
255,cycle,True,748329,5683,4756,TRANSFER,13.43,113
383,cycle,True,748673,7223,385,TRANSFER,14.1,113
45,fan_in,True,748806,7609,9802,TRANSFER,4.32,113
279,cycle,True,748917,6585,6455,TRANSFER,13.1,113
265,cycle,True,749600,9832,7099,TRANSFER,16.79,113
397,cycle,True,750058,3128,5107,TRANSFER,11.5,113
80,fan_in,True,750171,7833,9526,TRANSFER,3.22,113
236,cycle,True,751431,7235,2371,TRANSFER,15.0,114
101,fan_in,True,754486,7506,4945,TRANSFER,3.87,114
378,cycle,True,758870,9271,8056,TRANSFER,14.48,115
45,fan_in,True,760785,9295,9802,TRANSFER,4.32,115
13,fan_in,True,761195,7825,9145,TRANSFER,3.46,115
383,cycle,True,761957,7241,7223,TRANSFER,14.1,115
118,fan_in,True,762218,9393,8260,TRANSFER,3.78,115
80,fan_in,True,762357,9403,9526,TRANSFER,3.58,115
332,cycle,True,762399,7071,6721,TRANSFER,15.31,115
279,cycle,True,764484,6455,6492,TRANSFER,13.1,116
101,fan_in,True,765163,9740,4945,TRANSFER,3.07,116
236,cycle,True,766695,7850,9890,TRANSFER,15.0,116
9,fan_in,True,766830,9797,9967,TRANSFER,4.7,116
211,cycle,True,767674,6602,2879,TRANSFER,10.44,116
205,cycle,True,768454,9358,9206,TRANSFER,18.29,116
383,cycle,True,769138,6244,4909,TRANSFER,14.1,116
45,fan_in,True,770752,4719,9802,TRANSFER,4.32,117
262,cycle,True,771478,9967,8768,TRANSFER,18.98,117
236,cycle,True,771800,2371,7990,TRANSFER,15.0,117
80,fan_in,True,772128,8781,9526,TRANSFER,4.54,117
118,fan_in,True,776696,3691,8260,TRANSFER,4.25,117
262,cycle,True,777886,8768,9120,TRANSFER,18.98,118
262,cycle,True,777955,5493,9967,TRANSFER,18.98,118
279,cycle,True,778816,7494,5985,TRANSFER,13.1,118
279,cycle,True,781058,5985,6585,TRANSFER,13.1,118
9,fan_in,True,781093,1749,9967,TRANSFER,4.7,118
236,cycle,True,782030,7990,7850,TRANSFER,15.0,118
101,fan_in,True,783215,7577,4945,TRANSFER,3.83,118
211,cycle,True,783426,2879,1132,TRANSFER,10.44,118
332,cycle,True,784558,8894,7071,TRANSFER,15.31,119
205,cycle,True,785098,9206,9809,TRANSFER,18.29,119
80,fan_in,True,785451,7275,9526,TRANSFER,2.92,119
205,cycle,True,786784,9214,9358,TRANSFER,18.29,119
383,cycle,True,789258,385,6244,TRANSFER,14.1,119
118,fan_in,True,790124,8238,8260,TRANSFER,3.6,119
332,cycle,True,790669,1987,5237,TRANSFER,15.31,120
375,cycle,True,791622,9985,9344,TRANSFER,12.75,120
9,fan_in,True,791727,8221,9967,TRANSFER,4.7,120
375,cycle,True,791827,9887,9752,TRANSFER,12.75,120
383,cycle,True,793482,4909,7241,TRANSFER,14.1,120
211,cycle,True,795400,1132,9895,TRANSFER,10.44,120
161,fan_in,True,797076,9760,6032,TRANSFER,3.68,120
205,cycle,True,799997,8057,9214,TRANSFER,18.29,121
118,fan_in,True,800612,8702,8260,TRANSFER,4.46,121
332,cycle,True,802220,5237,8894,TRANSFER,15.31,121
289,cycle,True,803786,9763,8461,TRANSFER,13.5,121
161,fan_in,True,804296,9706,6032,TRANSFER,3.67,122
211,cycle,True,806295,6584,6602,TRANSFER,10.44,122
9,fan_in,True,806784,8934,9967,TRANSFER,4.7,122
140,fan_in,True,810143,1135,7834,TRANSFER,4.39,122
279,cycle,True,811014,6492,7494,TRANSFER,13.1,122
182,fan_in,True,811162,7425,6677,TRANSFER,3.37,123
105,fan_in,True,812309,1305,1027,TRANSFER,4.6,123
289,cycle,True,812331,8461,9623,TRANSFER,13.5,123
60,fan_in,True,813206,7922,7602,TRANSFER,2.98,123
211,cycle,True,816301,9895,6584,TRANSFER,10.44,123
205,cycle,True,816446,9809,8057,TRANSFER,18.29,123
303,cycle,True,816447,9809,8375,TRANSFER,14.63,123
119,fan_in,True,817993,3065,8299,TRANSFER,3.17,124
375,cycle,True,818095,9344,9531,TRANSFER,12.75,124
303,cycle,True,818211,8375,6957,TRANSFER,14.63,124
366,cycle,True,819889,3010,9338,TRANSFER,10.6,124
161,fan_in,True,821112,8731,6032,TRANSFER,3.71,124
332,cycle,True,821214,6721,1987,TRANSFER,15.31,124
140,fan_in,True,821470,508,7834,TRANSFER,4.04,124
303,cycle,True,822608,1368,9809,TRANSFER,14.63,124
182,fan_in,True,825307,4275,6677,TRANSFER,3.33,125
26,fan_in,True,826541,5376,3112,TRANSFER,4.71,125
60,fan_in,True,826749,9948,7602,TRANSFER,2.97,125
105,fan_in,True,827944,9906,1027,TRANSFER,4.64,125
303,cycle,True,829321,5527,1368,TRANSFER,14.63,125
366,cycle,True,830548,9554,3010,TRANSFER,10.6,125
228,cycle,True,831013,655,9834,TRANSFER,18.78,126
119,fan_in,True,832096,8794,8299,TRANSFER,2.66,126
224,cycle,True,832857,9518,1977,TRANSFER,19.18,126
289,cycle,True,833436,9623,9177,TRANSFER,13.5,126
161,fan_in,True,835309,9960,6032,TRANSFER,3.64,126
167,fan_in,True,836101,7951,1692,TRANSFER,3.3,126
140,fan_in,True,836358,6367,7834,TRANSFER,3.79,126
4,fan_in,True,837095,6522,9558,TRANSFER,3.22,126
366,cycle,True,837659,9125,9554,TRANSFER,10.6,126
60,fan_in,True,838992,9742,7602,TRANSFER,3.92,127
105,fan_in,True,839176,9860,1027,TRANSFER,4.54,127
228,cycle,True,840205,9859,7075,TRANSFER,18.78,127
26,fan_in,True,841973,9810,3112,TRANSFER,4.87,127
182,fan_in,True,842003,1269,6677,TRANSFER,3.27,127
113,fan_in,True,843014,2640,9701,TRANSFER,3.31,127
228,cycle,True,843857,9754,9859,TRANSFER,18.78,127
366,cycle,True,844279,9708,9125,TRANSFER,10.6,127
371,cycle,True,844632,9085,4333,TRANSFER,19.0,128
172,fan_in,True,844735,9890,4537,TRANSFER,3.16,128
375,cycle,True,844911,9531,9887,TRANSFER,12.75,128
167,fan_in,True,845194,595,1692,TRANSFER,3.3,128
140,fan_in,True,846140,7959,7834,TRANSFER,3.47,128
155,fan_in,True,846993,4657,9886,TRANSFER,3.48,128
303,cycle,True,847224,6957,5527,TRANSFER,14.63,128
157,fan_in,True,847515,528,9655,TRANSFER,3.65,128
208,cycle,True,848954,4133,7139,TRANSFER,15.64,128
224,cycle,True,849138,6237,9518,TRANSFER,19.18,128
119,fan_in,True,849995,3268,8299,TRANSFER,3.64,128
4,fan_in,True,850007,8571,9558,TRANSFER,3.78,128
289,cycle,True,850691,9177,9266,TRANSFER,13.5,128
105,fan_in,True,851967,7479,1027,TRANSFER,4.68,129
208,cycle,True,852174,5115,8396,TRANSFER,15.64,129
360,cycle,True,853670,7732,4869,TRANSFER,14.27,129
60,fan_in,True,853674,9982,7602,TRANSFER,4.13,129
113,fan_in,True,854293,6832,9701,TRANSFER,3.23,129
182,fan_in,True,857501,2030,6677,TRANSFER,3.29,129
26,fan_in,True,857634,2275,3112,TRANSFER,3.5,129
289,cycle,True,857680,9266,9763,TRANSFER,13.5,129
224,cycle,True,858462,1977,9337,TRANSFER,19.18,130
119,fan_in,True,859299,7057,8299,TRANSFER,3.8,130
167,fan_in,True,859435,2542,1692,TRANSFER,3.3,130
360,cycle,True,861692,4869,2831,TRANSFER,14.27,130
4,fan_in,True,862008,9438,9558,TRANSFER,3.08,130
173,fan_in,True,862216,8571,1019,TRANSFER,3.79,130
155,fan_in,True,862286,6939,9886,TRANSFER,3.48,130
208,cycle,True,862739,8396,4133,TRANSFER,15.64,130
288,cycle,True,863156,9405,5083,TRANSFER,12.56,130
228,cycle,True,863960,9834,9754,TRANSFER,18.78,130
157,fan_in,True,864114,5184,9655,TRANSFER,3.66,130
172,fan_in,True,864210,8223,4537,TRANSFER,4.31,130
375,cycle,True,864344,9752,9985,TRANSFER,12.75,130
209,cycle,True,865194,4438,8823,TRANSFER,11.1,131
366,cycle,True,866271,9338,9708,TRANSFER,10.6,131
26,fan_in,True,867930,8981,3112,TRANSFER,4.54,131
197,fan_in,True,868054,9965,6400,TRANSFER,3.64,131
224,cycle,True,868089,9876,6237,TRANSFER,19.18,131
113,fan_in,True,868526,1595,9701,TRANSFER,2.98,131
209,cycle,True,868897,8823,4649,TRANSFER,11.1,131
157,fan_in,True,871410,2699,9655,TRANSFER,3.65,132
155,fan_in,True,872196,2469,9886,TRANSFER,3.48,132
4,fan_in,True,872618,7919,9558,TRANSFER,3.32,132
224,cycle,True,873015,9337,9876,TRANSFER,19.18,132
173,fan_in,True,874464,9940,1019,TRANSFER,3.2,132
167,fan_in,True,874736,9271,1692,TRANSFER,3.3,132
172,fan_in,True,876013,8529,4537,TRANSFER,3.9,132
372,cycle,True,877903,8562,7655,TRANSFER,13.02,133
371,cycle,True,878951,7219,9085,TRANSFER,19.0,133
197,fan_in,True,880293,7955,6400,TRANSFER,4.43,133
360,cycle,True,881490,2890,3837,TRANSFER,14.27,133
288,cycle,True,881517,8995,9405,TRANSFER,12.56,133
388,cycle,True,883524,9948,9549,TRANSFER,16.77,133
113,fan_in,True,883615,9983,9701,TRANSFER,3.62,133
388,cycle,True,883616,6352,8162,TRANSFER,16.77,133
157,fan_in,True,884952,5233,9655,TRANSFER,3.59,134
288,cycle,True,885260,5230,7138,TRANSFER,12.56,134
325,cycle,True,885265,2713,8641,TRANSFER,10.18,134
155,fan_in,True,885542,6559,9886,TRANSFER,3.48,134
94,fan_in,True,886754,9953,5459,TRANSFER,4.82,134
209,cycle,True,887768,4649,7884,TRANSFER,11.1,134
172,fan_in,True,888319,2495,4537,TRANSFER,2.77,134
173,fan_in,True,889250,6791,1019,TRANSFER,3.47,134
372,cycle,True,889904,3858,6399,TRANSFER,13.02,134
372,cycle,True,890386,6399,8562,TRANSFER,13.02,134
360,cycle,True,890535,2831,2890,TRANSFER,14.27,134
77,fan_in,True,891065,9432,4935,TRANSFER,4.22,135
197,fan_in,True,891580,5957,6400,TRANSFER,4.2,135
388,cycle,True,891732,8162,9948,TRANSFER,16.77,135
290,cycle,True,892851,1045,5230,TRANSFER,17.62,135
388,cycle,True,893350,9549,9070,TRANSFER,16.77,135
209,cycle,True,894518,7884,9781,TRANSFER,11.1,135
228,cycle,True,894563,7075,655,TRANSFER,18.78,135
371,cycle,True,895186,4333,9401,TRANSFER,19.0,135
371,cycle,True,896200,4777,7219,TRANSFER,19.0,135
209,cycle,True,898214,9781,4438,TRANSFER,11.1,136
208,cycle,True,899472,7139,9961,TRANSFER,15.64,136
325,cycle,True,899695,4436,2503,TRANSFER,10.18,136
325,cycle,True,900222,2503,2713,TRANSFER,10.18,136
76,fan_in,True,900532,6736,5985,TRANSFER,4.02,136
372,cycle,True,901034,7655,9977,TRANSFER,13.02,136
208,cycle,True,901950,9961,5115,TRANSFER,15.64,136
94,fan_in,True,902539,7430,5459,TRANSFER,3.77,136
371,cycle,True,902729,9401,4777,TRANSFER,19.0,136
173,fan_in,True,903399,4823,1019,TRANSFER,3.76,136
388,cycle,True,904382,9070,6352,TRANSFER,16.77,137
312,cycle,True,905520,1701,7302,TRANSFER,11.68,137
325,cycle,True,906878,3111,4436,TRANSFER,10.18,137
288,cycle,True,907076,7138,8995,TRANSFER,12.56,137
197,fan_in,True,907269,6949,6400,TRANSFER,4.83,137
360,cycle,True,907362,3837,7732,TRANSFER,14.27,137
116,fan_in,True,907746,4208,8107,TRANSFER,4.31,137
77,fan_in,True,910199,1201,4935,TRANSFER,4.37,137
288,cycle,True,911643,5083,5230,TRANSFER,12.56,138
220,cycle,True,913382,2743,8139,TRANSFER,16.71,138
76,fan_in,True,913483,9402,5985,TRANSFER,3.97,138
333,cycle,True,913826,9619,7621,TRANSFER,16.27,138
94,fan_in,True,914373,3398,5459,TRANSFER,3.76,138
290,cycle,True,916036,7581,9299,TRANSFER,17.62,138
77,fan_in,True,917976,2299,4935,TRANSFER,4.41,139
116,fan_in,True,919235,4447,8107,TRANSFER,4.01,139
127,fan_in,True,922688,314,3941,TRANSFER,4.53,139
290,cycle,True,923164,3527,1045,TRANSFER,17.62,139
76,fan_in,True,924241,5005,5985,TRANSFER,4.08,140
206,cycle,True,927866,5929,5833,TRANSFER,11.27,140
94,fan_in,True,929892,9190,5459,TRANSFER,4.81,140
312,cycle,True,930516,2399,1701,TRANSFER,11.68,141
127,fan_in,True,931818,5268,3941,TRANSFER,4.53,141
116,fan_in,True,932459,6453,8107,TRANSFER,3.86,141
312,cycle,True,933232,7302,8975,TRANSFER,11.68,141
77,fan_in,True,936515,652,4935,TRANSFER,4.43,141
298,cycle,True,937845,3241,5657,TRANSFER,10.43,142
76,fan_in,True,938721,2631,5985,TRANSFER,3.82,142
298,cycle,True,939892,3422,3241,TRANSFER,10.43,142
395,cycle,True,939897,7945,9278,TRANSFER,18.79,142
220,cycle,True,939940,8139,5415,TRANSFER,16.71,142
220,cycle,True,940407,5415,7547,TRANSFER,16.71,142
325,cycle,True,941334,8641,3111,TRANSFER,10.18,142
312,cycle,True,942261,7264,2399,TRANSFER,11.68,142
372,cycle,True,943825,9977,3858,TRANSFER,13.02,142
333,cycle,True,943831,2305,5026,TRANSFER,16.27,142
244,cycle,True,945854,9452,9981,TRANSFER,10.36,143
116,fan_in,True,946418,8583,8107,TRANSFER,3.79,143
312,cycle,True,946863,8975,7264,TRANSFER,11.68,143
206,cycle,True,947726,4102,5929,TRANSFER,11.27,143
298,cycle,True,948960,4731,3422,TRANSFER,10.43,143
290,cycle,True,949099,9299,3527,TRANSFER,17.62,143
107,fan_in,True,949433,3296,9805,TRANSFER,3.5,143
127,fan_in,True,949977,8126,3941,TRANSFER,4.53,143
333,cycle,True,950041,1966,2305,TRANSFER,16.27,143
206,cycle,True,953152,5833,9979,TRANSFER,11.27,144
244,cycle,True,954111,522,7947,TRANSFER,10.36,144
290,cycle,True,955239,5230,7581,TRANSFER,17.62,144
298,cycle,True,955914,5657,9970,TRANSFER,10.43,144
5,fan_in,True,956338,8546,2494,TRANSFER,3.47,144
137,fan_in,True,956538,9120,724,TRANSFER,4.29,144
95,fan_in,True,960354,9961,4273,TRANSFER,3.32,145
220,cycle,True,960369,7547,4308,TRANSFER,16.71,145
206,cycle,True,961564,9979,4814,TRANSFER,11.27,145
220,cycle,True,961951,4308,2743,TRANSFER,16.71,145
127,fan_in,True,962837,3069,3941,TRANSFER,4.53,145
107,fan_in,True,962867,8249,9805,TRANSFER,3.44,145
292,cycle,True,963101,7396,9998,TRANSFER,14.77,145
36,fan_in,True,964692,5112,5760,TRANSFER,3.25,146
395,cycle,True,965676,9278,2733,TRANSFER,18.79,146
333,cycle,True,965769,5026,9619,TRANSFER,16.27,146
126,fan_in,True,965773,9975,8264,TRANSFER,4.02,146
137,fan_in,True,966539,1584,724,TRANSFER,3.12,146
333,cycle,True,967281,7621,1966,TRANSFER,16.27,146
206,cycle,True,967366,4814,4102,TRANSFER,11.27,146
5,fan_in,True,967878,8331,2494,TRANSFER,3.49,146
283,cycle,True,970755,7759,2456,TRANSFER,19.12,147
23,fan_in,True,971753,9954,2415,TRANSFER,3.91,147
244,cycle,True,972151,9865,522,TRANSFER,10.36,147
107,fan_in,True,973430,2051,9805,TRANSFER,3.46,147
283,cycle,True,975547,9565,7759,TRANSFER,19.12,147
95,fan_in,True,976514,3545,4273,TRANSFER,3.67,147
188,fan_in,True,976635,3177,1440,TRANSFER,4.12,147
292,cycle,True,977371,4542,7396,TRANSFER,14.77,148
186,fan_in,True,979849,9277,2245,TRANSFER,3.71,148
5,fan_in,True,979881,6932,2494,TRANSFER,3.31,148
283,cycle,True,981429,5153,8675,TRANSFER,19.12,148
137,fan_in,True,981587,9858,724,TRANSFER,4.65,148
36,fan_in,True,983033,7277,5760,TRANSFER,4.56,148
126,fan_in,True,983090,6427,8264,TRANSFER,4.34,148
337,cycle,True,983141,1851,8884,TRANSFER,14.55,148
64,fan_in,True,983778,6053,9183,TRANSFER,4.74,149
188,fan_in,True,983935,9084,1440,TRANSFER,3.92,149
293,cycle,True,985312,1880,8697,TRANSFER,10.94,149
337,cycle,True,985775,8884,2565,TRANSFER,14.55,149
19,fan_in,True,985792,7305,189,TRANSFER,3.14,149
23,fan_in,True,987551,1156,2415,TRANSFER,3.67,149
107,fan_in,True,987748,7549,9805,TRANSFER,3.65,149
361,cycle,True,988320,2673,6307,TRANSFER,16.42,149
95,fan_in,True,988501,9980,4273,TRANSFER,3.51,149
334,cycle,True,989223,3476,774,TRANSFER,18.65,149
36,fan_in,True,990252,8373,5760,TRANSFER,3.55,150
5,fan_in,True,990279,7333,2494,TRANSFER,3.47,150
136,fan_in,True,992411,7882,9949,TRANSFER,4.67,150
137,fan_in,True,993101,8025,724,TRANSFER,3.87,150
126,fan_in,True,993305,3245,8264,TRANSFER,4.22,150
186,fan_in,True,994402,9801,2245,TRANSFER,3.85,150
395,cycle,True,995040,2733,2686,TRANSFER,18.79,150
244,cycle,True,995097,7947,9452,TRANSFER,10.36,150
361,cycle,True,996928,1548,5430,TRANSFER,16.42,150
188,fan_in,True,997095,9638,1440,TRANSFER,3.18,151
95,fan_in,True,997422,741,4273,TRANSFER,3.39,151
293,cycle,True,997703,9980,9615,TRANSFER,10.94,151
292,cycle,True,997924,7126,9959,TRANSFER,14.77,151
337,cycle,True,998663,514,1851,TRANSFER,14.55,151
292,cycle,True,998666,9959,4542,TRANSFER,14.77,151
395,cycle,True,998800,9827,7945,TRANSFER,18.79,151
23,fan_in,True,999004,9989,2415,TRANSFER,3.71,151
64,fan_in,True,999910,6674,9183,TRANSFER,4.74,151
298,cycle,True,1001335,9970,4731,TRANSFER,10.43,151
212,cycle,True,1001570,914,4859,TRANSFER,13.15,151
292,cycle,True,1001716,9998,7126,TRANSFER,14.77,151
19,fan_in,True,1002682,4843,189,TRANSFER,3.45,151
212,cycle,True,1004325,9979,914,TRANSFER,13.15,152
126,fan_in,True,1004568,4095,8264,TRANSFER,3.32,152
395,cycle,True,1004798,2686,9827,TRANSFER,18.79,152
334,cycle,True,1005935,9655,2345,TRANSFER,18.65,152
36,fan_in,True,1006097,1119,5760,TRANSFER,4.12,152
293,cycle,True,1006864,2522,9980,TRANSFER,10.94,152
136,fan_in,True,1007603,9178,9949,TRANSFER,4.67,152
186,fan_in,True,1008313,9423,2245,TRANSFER,3.41,152
120,fan_in,True,1008889,7416,8238,TRANSFER,3.19,152
307,cycle,True,1010874,8376,8744,TRANSFER,16.07,153
361,cycle,True,1011363,5430,7712,TRANSFER,16.42,153
244,cycle,True,1012104,9981,9865,TRANSFER,10.36,153
188,fan_in,True,1014069,526,1440,TRANSFER,3.19,153
65,fan_in,True,1014314,3396,1892,TRANSFER,4.98,153
19,fan_in,True,1014557,7932,189,TRANSFER,3.1,153
64,fan_in,True,1014877,5723,9183,TRANSFER,4.74,153
283,cycle,True,1015272,8675,9565,TRANSFER,19.12,153
23,fan_in,True,1016678,5262,2415,TRANSFER,3.15,153
334,cycle,True,1018173,2345,7842,TRANSFER,18.65,154
67,fan_in,True,1018429,9723,8482,TRANSFER,2.75,154
212,cycle,True,1019076,4859,1809,TRANSFER,13.15,154
280,cycle,True,1020018,9847,1026,TRANSFER,15.3,154
47,fan_in,True,1020162,6049,9273,TRANSFER,4.1,154
136,fan_in,True,1020433,8918,9949,TRANSFER,4.67,154
186,fan_in,True,1020749,3197,2245,TRANSFER,3.85,154
300,cycle,True,1021150,9869,8918,TRANSFER,17.04,154
120,fan_in,True,1022774,8739,8238,TRANSFER,3.19,154
390,cycle,True,1023800,5622,7344,TRANSFER,10.81,154
19,fan_in,True,1025325,4609,189,TRANSFER,3.53,155
253,cycle,True,1025334,9844,9871,TRANSFER,12.02,155
64,fan_in,True,1025583,9181,9183,TRANSFER,4.74,155
18,fan_in,True,1026008,67,7824,TRANSFER,3.08,155
300,cycle,True,1026273,5709,9230,TRANSFER,17.04,155
307,cycle,True,1026310,7395,2564,TRANSFER,16.07,155
253,cycle,True,1026626,840,9522,TRANSFER,12.02,155
65,fan_in,True,1027847,1315,1892,TRANSFER,4.98,155
361,cycle,True,1028940,7712,2673,TRANSFER,16.42,155
307,cycle,True,1029936,2564,4495,TRANSFER,16.07,155
361,cycle,True,1030404,6307,1548,TRANSFER,16.42,156
199,fan_in,True,1031420,8248,795,TRANSFER,3.26,156
280,cycle,True,1034187,1026,9771,TRANSFER,15.3,156
120,fan_in,True,1034523,8420,8238,TRANSFER,3.19,156
283,cycle,True,1034976,2456,5153,TRANSFER,19.12,156
293,cycle,True,1035040,9615,1880,TRANSFER,10.94,156
136,fan_in,True,1035245,7957,9949,TRANSFER,4.67,156
47,fan_in,True,1035257,2570,9273,TRANSFER,4.14,156
67,fan_in,True,1035781,9916,8482,TRANSFER,4.58,156
135,fan_in,True,1036323,1327,3502,TRANSFER,3.84,156
334,cycle,True,1036396,774,9655,TRANSFER,18.65,156
300,cycle,True,1037538,9317,9869,TRANSFER,17.04,157
334,cycle,True,1037876,7842,3476,TRANSFER,18.65,157
280,cycle,True,1039069,9771,6003,TRANSFER,15.3,157
266,cycle,True,1040526,7718,3799,TRANSFER,13.75,157
337,cycle,True,1041007,6018,514,TRANSFER,14.55,157
65,fan_in,True,1041250,3147,1892,TRANSFER,4.98,157
18,fan_in,True,1041674,9954,7824,TRANSFER,4.36,157
293,cycle,True,1042559,8697,2522,TRANSFER,10.94,157
337,cycle,True,1042968,2565,6018,TRANSFER,14.55,157
67,fan_in,True,1045054,1826,8482,TRANSFER,3.56,158
135,fan_in,True,1045593,3735,3502,TRANSFER,3.49,158
266,cycle,True,1045701,3799,4549,TRANSFER,13.75,158
297,cycle,True,1046023,7947,6650,TRANSFER,18.64,158
63,fan_in,True,1046351,5019,1224,TRANSFER,3.92,158
266,cycle,True,1046724,9934,7718,TRANSFER,13.75,158
120,fan_in,True,1047865,909,8238,TRANSFER,3.19,158
367,cycle,True,1048398,3222,6175,TRANSFER,14.81,158
266,cycle,True,1048569,4549,9319,TRANSFER,13.75,158
276,cycle,True,1048600,4216,1433,TRANSFER,14.59,158
199,fan_in,True,1048698,7466,795,TRANSFER,2.91,158
47,fan_in,True,1048762,9003,9273,TRANSFER,3.65,158
390,cycle,True,1051810,9990,5622,TRANSFER,10.81,159
212,cycle,True,1051839,1809,5906,TRANSFER,13.15,159
212,cycle,True,1052142,5906,9979,TRANSFER,13.15,159
266,cycle,True,1052156,9319,9934,TRANSFER,13.75,159
18,fan_in,True,1052377,3451,7824,TRANSFER,3.34,159
65,fan_in,True,1054206,923,1892,TRANSFER,4.98,159
399,cycle,True,1055217,9084,9053,TRANSFER,13.63,159
390,cycle,True,1055983,3227,9990,TRANSFER,10.81,159
390,cycle,True,1055986,3921,3227,TRANSFER,10.81,159
311,cycle,True,1057011,9019,7803,TRANSFER,11.27,159
47,fan_in,True,1057553,2634,9273,TRANSFER,3.95,160
135,fan_in,True,1058191,2253,3502,TRANSFER,4.0,160
300,cycle,True,1058416,8918,5709,TRANSFER,17.04,160
199,fan_in,True,1059316,8900,795,TRANSFER,3.34,160
63,fan_in,True,1060363,9117,1224,TRANSFER,4.27,160
399,cycle,True,1062503,9053,5687,TRANSFER,13.63,160
67,fan_in,True,1063645,8919,8482,TRANSFER,2.87,160
307,cycle,True,1063716,8744,7395,TRANSFER,16.07,160
306,cycle,True,1066535,9792,1449,TRANSFER,15.27,161
171,fan_in,True,1068060,4464,976,TRANSFER,2.61,161
373,cycle,True,1068344,6142,1193,TRANSFER,10.64,161
18,fan_in,True,1069464,4286,7824,TRANSFER,4.39,161
307,cycle,True,1070245,4495,8376,TRANSFER,16.07,161
280,cycle,True,1071938,6003,8051,TRANSFER,15.3,162
199,fan_in,True,1072289,9962,795,TRANSFER,2.85,162
135,fan_in,True,1073368,3063,3502,TRANSFER,2.66,162
253,cycle,True,1074629,6675,9844,TRANSFER,12.02,162
367,cycle,True,1075735,6175,1210,TRANSFER,14.81,162
300,cycle,True,1075746,9230,9317,TRANSFER,17.04,162
63,fan_in,True,1076499,9902,1224,TRANSFER,3.59,162
280,cycle,True,1076543,8051,9847,TRANSFER,15.3,162
367,cycle,True,1076583,9883,9701,TRANSFER,14.81,162
399,cycle,True,1077827,8680,8959,TRANSFER,13.63,163
0,fan_in,True,1077962,9810,9997,TRANSFER,4.2,163
373,cycle,True,1079108,4585,8932,TRANSFER,10.64,163
171,fan_in,True,1079937,9928,976,TRANSFER,3.06,163
390,cycle,True,1080679,7344,3921,TRANSFER,10.81,163
253,cycle,True,1081746,9871,840,TRANSFER,12.02,163
108,fan_in,True,1082415,9922,1149,TRANSFER,3.97,163
253,cycle,True,1082476,9522,6675,TRANSFER,12.02,163
311,cycle,True,1083603,3310,517,TRANSFER,11.27,163
27,fan_in,True,1084286,3347,9595,TRANSFER,3.56,164
311,cycle,True,1085115,517,9019,TRANSFER,11.27,164
250,cycle,True,1085676,8354,9886,TRANSFER,14.96,164
306,cycle,True,1086214,8571,9660,TRANSFER,15.27,164
139,fan_in,True,1086281,1833,9677,TRANSFER,2.71,164
399,cycle,True,1086995,8959,9084,TRANSFER,13.63,164
250,cycle,True,1087521,4856,7929,TRANSFER,14.96,164
367,cycle,True,1087610,9701,3222,TRANSFER,14.81,164
373,cycle,True,1088214,9669,6142,TRANSFER,10.64,164
297,cycle,True,1088912,5878,7947,TRANSFER,18.64,164
63,fan_in,True,1089037,9287,1224,TRANSFER,4.13,164
297,cycle,True,1090308,8629,5878,TRANSFER,18.64,165
399,cycle,True,1090867,5687,8680,TRANSFER,13.63,165
0,fan_in,True,1091057,9332,9997,TRANSFER,4.83,165
92,fan_in,True,1092217,852,6627,TRANSFER,4.35,165
171,fan_in,True,1093355,6781,976,TRANSFER,3.51,165
106,fan_in,True,1093419,9681,7453,TRANSFER,3.19,165
367,cycle,True,1093750,1210,9883,TRANSFER,14.81,165
72,fan_in,True,1094608,2840,9987,TRANSFER,3.35,165
125,fan_in,True,1095501,7944,8881,TRANSFER,3.47,165
108,fan_in,True,1096175,9615,1149,TRANSFER,3.76,165
217,cycle,True,1096344,8833,5842,TRANSFER,13.09,165
139,fan_in,True,1096500,5474,9677,TRANSFER,4.3,166
276,cycle,True,1096524,4211,2606,TRANSFER,14.59,166
159,fan_in,True,1098042,8766,6603,TRANSFER,2.68,166
276,cycle,True,1098326,1433,8499,TRANSFER,14.59,166
27,fan_in,True,1099807,5568,9595,TRANSFER,2.68,166
204,cycle,True,1101825,2827,9355,TRANSFER,18.68,166
306,cycle,True,1101957,9660,7806,TRANSFER,15.27,166
306,cycle,True,1102165,7806,9792,TRANSFER,15.27,166
108,fan_in,True,1103380,1549,1149,TRANSFER,3.8,167
0,fan_in,True,1106202,2962,9997,TRANSFER,4.8,167
217,cycle,True,1106240,4011,7566,TRANSFER,13.09,167
276,cycle,True,1106837,8499,4211,TRANSFER,14.59,167
125,fan_in,True,1107387,6685,8881,TRANSFER,3.63,167
106,fan_in,True,1107646,9916,7453,TRANSFER,3.2,167
297,cycle,True,1107865,6650,8131,TRANSFER,18.64,167
391,cycle,True,1108247,4687,8837,TRANSFER,18.5,167
311,cycle,True,1108505,7803,8589,TRANSFER,11.27,167
250,cycle,True,1108606,7929,8354,TRANSFER,14.96,167
171,fan_in,True,1109065,9703,976,TRANSFER,3.02,167
204,cycle,True,1109068,6273,2827,TRANSFER,18.68,167
306,cycle,True,1109089,1449,8571,TRANSFER,15.27,167
311,cycle,True,1109123,8589,3310,TRANSFER,11.27,167
204,cycle,True,1109195,569,6273,TRANSFER,18.68,167
92,fan_in,True,1109348,9918,6627,TRANSFER,3.37,167
72,fan_in,True,1109578,9440,9987,TRANSFER,3.43,167
204,cycle,True,1109965,9355,8902,TRANSFER,18.68,168
297,cycle,True,1110464,8131,8629,TRANSFER,18.64,168
175,fan_in,True,1111444,6625,5998,TRANSFER,2.74,168
243,cycle,True,1112114,9996,3590,TRANSFER,15.86,168
201,cycle,True,1112137,9913,9832,TRANSFER,19.03,168
217,cycle,True,1113004,5566,8833,TRANSFER,13.09,168
159,fan_in,True,1114538,3805,6603,TRANSFER,2.63,168
139,fan_in,True,1114702,2781,9677,TRANSFER,3.44,168
27,fan_in,True,1115743,9525,9595,TRANSFER,3.31,168
276,cycle,True,1116193,2606,4216,TRANSFER,14.59,168
204,cycle,True,1116203,8902,569,TRANSFER,18.68,168
72,fan_in,True,1116585,9666,9987,TRANSFER,3.26,169
125,fan_in,True,1117151,4001,8881,TRANSFER,3.01,169
201,cycle,True,1117222,7465,9913,TRANSFER,19.03,169
106,fan_in,True,1118099,9494,7453,TRANSFER,3.16,169
373,cycle,True,1118611,1193,4585,TRANSFER,10.64,169
108,fan_in,True,1119112,493,1149,TRANSFER,3.88,169
180,fan_in,True,1119931,4230,9927,TRANSFER,3.88,169
0,fan_in,True,1120547,8181,9997,TRANSFER,4.21,169
191,fan_in,True,1120643,9337,9455,TRANSFER,3.25,169
217,cycle,True,1120842,7566,5566,TRANSFER,13.09,169
373,cycle,True,1121511,8932,9669,TRANSFER,10.64,169
391,cycle,True,1121783,9102,8958,TRANSFER,18.5,169
250,cycle,True,1121902,9886,8607,TRANSFER,14.96,169
92,fan_in,True,1123077,2566,6627,TRANSFER,2.71,169
391,cycle,True,1123355,1122,9102,TRANSFER,18.5,170
159,fan_in,True,1123515,9998,6603,TRANSFER,2.96,170
27,fan_in,True,1125350,9837,9595,TRANSFER,3.03,170
385,cycle,True,1125438,8981,9734,TRANSFER,15.03,170
139,fan_in,True,1126655,5509,9677,TRANSFER,3.84,170
243,cycle,True,1128214,3590,9974,TRANSFER,15.86,170
175,fan_in,True,1129736,8114,5998,TRANSFER,2.94,170
309,cycle,True,1129939,9911,9864,TRANSFER,10.51,170
92,fan_in,True,1130590,7127,6627,TRANSFER,4.51,171
72,fan_in,True,1130708,8348,9987,TRANSFER,3.51,171
125,fan_in,True,1131170,8957,8881,TRANSFER,3.18,171
264,cycle,True,1131233,2664,9640,TRANSFER,16.7,171
309,cycle,True,1131567,1946,8124,TRANSFER,10.51,171
106,fan_in,True,1133050,9793,7453,TRANSFER,3.21,171
250,cycle,True,1133094,8607,4856,TRANSFER,14.96,171
385,cycle,True,1134481,9923,8981,TRANSFER,15.03,171
391,cycle,True,1135099,8958,4687,TRANSFER,18.5,171
180,fan_in,True,1135466,7867,9927,TRANSFER,3.88,171
191,fan_in,True,1135508,5202,9455,TRANSFER,3.04,171
385,cycle,True,1136397,9734,3112,TRANSFER,15.03,171
148,fan_in,True,1137240,9976,1598,TRANSFER,4.24,172
175,fan_in,True,1137448,526,5998,TRANSFER,2.8,172
264,cycle,True,1137864,9611,8863,TRANSFER,16.7,172
385,cycle,True,1138877,3112,8755,TRANSFER,15.03,172
232,cycle,True,1139306,360,5235,TRANSFER,11.43,172
159,fan_in,True,1141363,8981,6603,TRANSFER,3.35,172
391,cycle,True,1141660,8837,1122,TRANSFER,18.5,172
335,cycle,True,1143634,2599,5460,TRANSFER,19.54,172
156,fan_in,True,1143933,4944,9694,TRANSFER,3.46,173
354,cycle,True,1144544,6259,9631,TRANSFER,13.68,173
195,fan_in,True,1145885,9928,9459,TRANSFER,3.27,173
191,fan_in,True,1147143,2529,9455,TRANSFER,2.98,173
243,cycle,True,1147517,5729,1043,TRANSFER,15.86,173
353,cycle,True,1147700,1977,9394,TRANSFER,13.76,173
124,fan_in,True,1148070,1944,502,TRANSFER,3.41,173
353,cycle,True,1148409,7585,1977,TRANSFER,13.76,173
15,fan_in,True,1149000,1265,8458,TRANSFER,3.61,173
217,cycle,True,1149109,5842,4011,TRANSFER,13.09,173
309,cycle,True,1149764,6677,9911,TRANSFER,10.51,173
180,fan_in,True,1150246,9965,9927,TRANSFER,3.88,173
201,cycle,True,1151011,9207,7465,TRANSFER,19.03,174
133,fan_in,True,1152483,5145,1871,TRANSFER,2.54,174
175,fan_in,True,1153484,6213,5998,TRANSFER,2.77,174
50,fan_in,True,1155135,7273,3816,TRANSFER,4.62,174
201,cycle,True,1155427,9832,7089,TRANSFER,19.03,174
148,fan_in,True,1155948,5696,1598,TRANSFER,4.52,174
385,cycle,True,1156659,8755,9923,TRANSFER,15.03,174
232,cycle,True,1156818,9694,9455,TRANSFER,11.43,174
15,fan_in,True,1156904,9915,8458,TRANSFER,3.67,175
191,fan_in,True,1157201,5566,9455,TRANSFER,3.01,175
368,cycle,True,1157542,4150,2802,TRANSFER,16.6,175
156,fan_in,True,1157854,7547,9694,TRANSFER,3.86,175
335,cycle,True,1158261,6611,1047,TRANSFER,19.54,175
124,fan_in,True,1159180,8137,502,TRANSFER,3.38,175
201,cycle,True,1159185,7089,9207,TRANSFER,19.03,175
195,fan_in,True,1159258,9649,9459,TRANSFER,3.22,175
180,fan_in,True,1160452,3974,9927,TRANSFER,3.88,175
243,cycle,True,1160704,9974,5729,TRANSFER,15.86,175
247,cycle,True,1160717,5353,2537,TRANSFER,10.48,175
335,cycle,True,1160868,9533,6611,TRANSFER,19.54,175
232,cycle,True,1162393,9455,360,TRANSFER,11.43,175
168,fan_in,True,1163392,1999,2304,TRANSFER,2.54,176
285,cycle,True,1165735,9858,9999,TRANSFER,19.23,176
50,fan_in,True,1166951,3033,3816,TRANSFER,3.79,176
133,fan_in,True,1167462,6002,1871,TRANSFER,2.54,176
368,cycle,True,1167728,7662,4150,TRANSFER,16.6,176
353,cycle,True,1168244,9394,3980,TRANSFER,13.76,176
264,cycle,True,1169048,8863,2664,TRANSFER,16.7,176
148,fan_in,True,1169665,9147,1598,TRANSFER,4.35,176
195,fan_in,True,1170335,1283,9459,TRANSFER,4.16,177
354,cycle,True,1171223,5257,6259,TRANSFER,13.68,177
124,fan_in,True,1171283,4930,502,TRANSFER,3.59,177
156,fan_in,True,1171482,3349,9694,TRANSFER,3.57,177
285,cycle,True,1171944,6343,9969,TRANSFER,19.23,177
354,cycle,True,1172483,8800,5257,TRANSFER,13.68,177
309,cycle,True,1172592,9864,1946,TRANSFER,10.51,177
15,fan_in,True,1172595,9365,8458,TRANSFER,3.04,177
285,cycle,True,1174207,9969,7985,TRANSFER,19.23,177
353,cycle,True,1175645,7702,7585,TRANSFER,13.76,177
247,cycle,True,1175666,1281,9078,TRANSFER,10.48,177
187,fan_in,True,1177472,553,3761,TRANSFER,3.61,178
148,fan_in,True,1177978,7046,1598,TRANSFER,4.31,178
168,fan_in,True,1178094,7667,2304,TRANSFER,4.19,178
50,fan_in,True,1178216,7254,3816,TRANSFER,4.44,178
243,cycle,True,1178524,1043,9996,TRANSFER,15.86,178
133,fan_in,True,1178991,8483,1871,TRANSFER,2.54,178
232,cycle,True,1179439,5235,9500,TRANSFER,11.43,178
49,fan_in,True,1180123,9889,4051,TRANSFER,3.3,178
309,cycle,True,1182923,8124,6677,TRANSFER,10.51,178
256,cycle,True,1183317,5025,1751,TRANSFER,15.43,179
124,fan_in,True,1184332,7383,502,TRANSFER,3.39,179
177,fan_in,True,1184538,7026,4698,TRANSFER,3.1,179
156,fan_in,True,1185514,7275,9694,TRANSFER,3.43,179
354,cycle,True,1185556,9889,8800,TRANSFER,13.68,179
264,cycle,True,1187043,9640,7007,TRANSFER,16.7,179
247,cycle,True,1188346,9078,5353,TRANSFER,10.48,179
335,cycle,True,1188861,1047,2599,TRANSFER,19.54,179
15,fan_in,True,1188992,3582,8458,TRANSFER,3.73,179
195,fan_in,True,1189110,4601,9459,TRANSFER,3.86,179
49,fan_in,True,1191354,9597,4051,TRANSFER,3.38,180
335,cycle,True,1192644,5460,9533,TRANSFER,19.54,180
168,fan_in,True,1194425,5022,2304,TRANSFER,4.65,180
187,fan_in,True,1194637,9279,3761,TRANSFER,3.47,180
50,fan_in,True,1195201,9929,3816,TRANSFER,4.7,180
133,fan_in,True,1195612,8702,1871,TRANSFER,2.54,180
264,cycle,True,1195934,7007,9611,TRANSFER,16.7,180
221,cycle,True,1198092,9991,1567,TRANSFER,13.14,181
353,cycle,True,1199147,3980,7702,TRANSFER,13.76,181
368,cycle,True,1201976,2802,5914,TRANSFER,16.6,181
177,fan_in,True,1202392,8876,4698,TRANSFER,3.65,181
35,fan_in,True,1204156,9184,7202,TRANSFER,3.65,182
368,cycle,True,1204444,5914,9939,TRANSFER,16.6,182
49,fan_in,True,1204944,9997,4051,TRANSFER,3.25,182
187,fan_in,True,1204945,9997,3761,TRANSFER,3.18,182
285,cycle,True,1205286,7985,9858,TRANSFER,19.23,182
162,fan_in,True,1206383,5760,8025,TRANSFER,3.26,182
232,cycle,True,1206477,9500,9694,TRANSFER,11.43,182
168,fan_in,True,1207482,3647,2304,TRANSFER,2.7,182
354,cycle,True,1209047,9631,9889,TRANSFER,13.68,182
98,fan_in,True,1209212,9088,498,TRANSFER,3.25,182
256,cycle,True,1212021,7167,9520,TRANSFER,15.43,183
177,fan_in,True,1215004,8940,4698,TRANSFER,2.92,183
368,cycle,True,1215391,9939,7662,TRANSFER,16.6,183
251,cycle,True,1215393,9208,2664,TRANSFER,18.61,183
247,cycle,True,1216753,2537,3578,TRANSFER,10.48,184
98,fan_in,True,1220006,5033,498,TRANSFER,3.1,184
35,fan_in,True,1220423,2049,7202,TRANSFER,3.57,184
162,fan_in,True,1220962,9858,8025,TRANSFER,3.03,184
187,fan_in,True,1221172,6217,3761,TRANSFER,3.07,184
6,fan_in,True,1221662,8585,2886,TRANSFER,4.96,184
49,fan_in,True,1221908,8873,4051,TRANSFER,3.07,184
38,fan_in,True,1222217,8898,7539,TRANSFER,4.77,184
358,cycle,True,1223623,9784,9921,TRANSFER,13.93,185
221,cycle,True,1225893,6282,9991,TRANSFER,13.14,185
2,fan_in,True,1226413,9241,9616,TRANSFER,3.74,185
158,fan_in,True,1227540,5160,4146,TRANSFER,3.93,185
247,cycle,True,1227704,3578,1281,TRANSFER,10.48,185
219,cycle,True,1228129,9500,7365,TRANSFER,11.64,185
177,fan_in,True,1228514,8957,4698,TRANSFER,3.31,185
251,cycle,True,1228893,4035,7301,TRANSFER,18.61,185
38,fan_in,True,1230215,8810,7539,TRANSFER,4.6,186
162,fan_in,True,1230642,724,8025,TRANSFER,3.43,186
35,fan_in,True,1230650,4231,7202,TRANSFER,3.68,186
98,fan_in,True,1230653,1426,498,TRANSFER,3.05,186
251,cycle,True,1231405,7301,6343,TRANSFER,18.61,186
6,fan_in,True,1231419,5329,2886,TRANSFER,4.96,186
219,cycle,True,1232048,7365,9950,TRANSFER,11.64,186
223,cycle,True,1232458,8629,9999,TRANSFER,10.35,186
223,cycle,True,1232573,9999,5351,TRANSFER,10.35,186
285,cycle,True,1232574,9999,6343,TRANSFER,19.23,186
93,fan_in,True,1233140,9466,177,TRANSFER,3.02,186
251,cycle,True,1236344,6343,9208,TRANSFER,18.61,187
221,cycle,True,1236852,9537,6282,TRANSFER,13.14,187
320,cycle,True,1238434,8940,5757,TRANSFER,18.51,187
2,fan_in,True,1239769,7314,9616,TRANSFER,3.45,187
256,cycle,True,1240039,9520,5025,TRANSFER,15.43,187
163,fan_in,True,1241419,2384,4866,TRANSFER,3.97,187
158,fan_in,True,1242347,3396,4146,TRANSFER,4.0,187
162,fan_in,True,1243161,1584,8025,TRANSFER,3.19,188
38,fan_in,True,1244324,8151,7539,TRANSFER,3.9,188
221,cycle,True,1244339,1567,4351,TRANSFER,13.14,188
251,cycle,True,1244665,2664,4035,TRANSFER,18.61,188
215,cycle,True,1244708,9401,7107,TRANSFER,13.52,188
215,cycle,True,1245371,4608,9401,TRANSFER,13.52,188
98,fan_in,True,1247090,8899,498,TRANSFER,2.66,188
6,fan_in,True,1247339,9990,2886,TRANSFER,4.96,188
221,cycle,True,1247691,4351,9537,TRANSFER,13.14,188
256,cycle,True,1248486,5844,7167,TRANSFER,15.43,188
93,fan_in,True,1248581,4219,177,TRANSFER,4.32,188
35,fan_in,True,1248690,9279,7202,TRANSFER,3.21,188
223,cycle,True,1249243,5351,9143,TRANSFER,10.35,188
281,cycle,True,1249382,9999,810,TRANSFER,19.45,188
184,fan_in,True,1249937,9336,5804,TRANSFER,2.71,189
320,cycle,True,1250773,9701,9300,TRANSFER,18.51,189
2,fan_in,True,1250806,2364,9616,TRANSFER,3.28,189
163,fan_in,True,1253017,3666,4866,TRANSFER,3.97,189
143,fan_in,True,1253723,8320,7357,TRANSFER,4.03,189
158,fan_in,True,1253762,9492,4146,TRANSFER,4.18,189
256,cycle,True,1253817,1751,5844,TRANSFER,15.43,189
320,cycle,True,1255362,9300,747,TRANSFER,18.51,189
358,cycle,True,1256032,5284,9646,TRANSFER,13.93,189
358,cycle,True,1257715,9281,9784,TRANSFER,13.93,190
38,fan_in,True,1258812,4407,7539,TRANSFER,3.62,190
219,cycle,True,1259049,3221,1261,TRANSFER,11.64,190
316,cycle,True,1259098,9303,9773,TRANSFER,16.9,190
6,fan_in,True,1259289,9489,2886,TRANSFER,4.96,190
93,fan_in,True,1259751,2066,177,TRANSFER,3.91,190
2,fan_in,True,1262908,2079,9616,TRANSFER,3.55,191
358,cycle,True,1262915,9646,9281,TRANSFER,13.93,191
215,cycle,True,1263065,2489,4608,TRANSFER,13.52,191
240,cycle,True,1263233,7396,9912,TRANSFER,17.63,191
316,cycle,True,1266097,9773,6381,TRANSFER,16.9,191
163,fan_in,True,1266452,8122,4866,TRANSFER,3.97,191
16,fan_in,True,1266482,3734,9988,TRANSFER,4.75,191
143,fan_in,True,1267160,9032,7357,TRANSFER,4.71,191
158,fan_in,True,1267249,9799,4146,TRANSFER,3.94,191
3,fan_in,True,1267276,7993,1396,TRANSFER,3.0,191
184,fan_in,True,1267348,1865,5804,TRANSFER,2.71,191
281,cycle,True,1267350,9256,9999,TRANSFER,19.45,191
358,cycle,True,1268775,9921,5284,TRANSFER,13.93,191
153,fan_in,True,1268998,1928,3590,TRANSFER,3.27,191
215,cycle,True,1269002,8157,2489,TRANSFER,13.52,191
320,cycle,True,1269593,747,8940,TRANSFER,18.51,191
316,cycle,True,1269863,6381,4513,TRANSFER,16.9,191
223,cycle,True,1270104,9143,8260,TRANSFER,10.35,192
93,fan_in,True,1271673,1086,177,TRANSFER,3.48,192
69,fan_in,True,1272140,9400,4174,TRANSFER,4.06,192
281,cycle,True,1277267,810,7083,TRANSFER,19.45,193
3,fan_in,True,1277772,9674,1396,TRANSFER,3.26,193
74,fan_in,True,1279050,7889,9529,TRANSFER,3.84,193
219,cycle,True,1279468,1261,9500,TRANSFER,11.64,193
163,fan_in,True,1279541,2231,4866,TRANSFER,3.97,193
16,fan_in,True,1279644,5069,9988,TRANSFER,4.75,193
153,fan_in,True,1281348,5087,3590,TRANSFER,3.85,193
184,fan_in,True,1281857,9790,5804,TRANSFER,2.71,193
215,cycle,True,1282122,7107,8157,TRANSFER,13.52,193
219,cycle,True,1282189,9950,3221,TRANSFER,11.64,193
223,cycle,True,1282326,8260,8629,TRANSFER,10.35,193
143,fan_in,True,1282739,5035,7357,TRANSFER,4.31,193
164,fan_in,True,1284081,9785,7413,TRANSFER,4.1,194
21,fan_in,True,1284658,3737,9857,TRANSFER,3.25,194
222,cycle,True,1285590,8378,91,TRANSFER,11.64,194
320,cycle,True,1288587,5757,9701,TRANSFER,18.51,194
86,fan_in,True,1288857,7505,9750,TRANSFER,3.22,194
381,cycle,True,1289222,3919,9503,TRANSFER,18.06,194
69,fan_in,True,1289644,9897,4174,TRANSFER,3.92,194
3,fan_in,True,1290130,9709,1396,TRANSFER,2.74,195
348,cycle,True,1290260,8079,9428,TRANSFER,16.27,195
240,cycle,True,1291494,4553,2003,TRANSFER,17.63,195
153,fan_in,True,1291496,6588,3590,TRANSFER,4.02,195
321,cycle,True,1291886,9852,754,TRANSFER,17.04,195
184,fan_in,True,1292023,9988,5804,TRANSFER,2.71,195
143,fan_in,True,1292092,9980,7357,TRANSFER,3.73,195
74,fan_in,True,1293077,5287,9529,TRANSFER,3.94,195
207,cycle,True,1293246,1655,8736,TRANSFER,14.85,195
348,cycle,True,1294105,4286,7095,TRANSFER,16.27,195
16,fan_in,True,1295054,5998,9988,TRANSFER,4.75,195
240,cycle,True,1297262,9328,4553,TRANSFER,17.63,196
53,fan_in,True,1297305,3740,9683,TRANSFER,3.84,196
316,cycle,True,1297828,4513,7522,TRANSFER,16.9,196
348,cycle,True,1298228,7095,8079,TRANSFER,16.27,196
69,fan_in,True,1298571,9376,4174,TRANSFER,3.42,196
240,cycle,True,1299059,2003,7396,TRANSFER,17.63,196
381,cycle,True,1299429,9503,9304,TRANSFER,18.06,196
21,fan_in,True,1299966,9274,9857,TRANSFER,3.03,196
144,fan_in,True,1300878,4874,7064,TRANSFER,4.29,196
86,fan_in,True,1300974,835,9750,TRANSFER,3.06,196
164,fan_in,True,1301482,5295,7413,TRANSFER,4.1,196
207,cycle,True,1301696,9464,6875,TRANSFER,14.85,196
207,cycle,True,1302178,6598,1655,TRANSFER,14.85,196
348,cycle,True,1302911,9428,9669,TRANSFER,16.27,196
16,fan_in,True,1304849,9903,9988,TRANSFER,4.75,197
3,fan_in,True,1305485,7055,1396,TRANSFER,2.78,197
281,cycle,True,1307444,7083,4303,TRANSFER,19.45,197
74,fan_in,True,1307500,4892,9529,TRANSFER,3.91,197
153,fan_in,True,1309134,5719,3590,TRANSFER,3.08,197
316,cycle,True,1310365,7522,9303,TRANSFER,16.9,198
53,fan_in,True,1311266,7565,9683,TRANSFER,3.82,198
294,cycle,True,1311877,8614,4256,TRANSFER,10.98,198
231,cycle,True,1312016,3040,1565,TRANSFER,12.14,198
86,fan_in,True,1312194,8854,9750,TRANSFER,3.28,198
281,cycle,True,1312349,4303,9256,TRANSFER,19.45,198
69,fan_in,True,1312841,9039,4174,TRANSFER,3.63,198
144,fan_in,True,1313409,6092,7064,TRANSFER,3.21,198
21,fan_in,True,1313487,4452,9857,TRANSFER,3.13,198
321,cycle,True,1314122,754,8987,TRANSFER,17.04,198
348,cycle,True,1314166,9669,4286,TRANSFER,16.27,198
240,cycle,True,1314201,9912,9328,TRANSFER,17.63,198
164,fan_in,True,1314786,9623,7413,TRANSFER,4.1,198
272,cycle,True,1316271,2465,707,TRANSFER,16.31,198
44,fan_in,True,1316636,1453,8709,TRANSFER,2.81,199
222,cycle,True,1317852,9446,790,TRANSFER,11.64,199
74,fan_in,True,1322020,6969,9529,TRANSFER,3.86,199
294,cycle,True,1322711,8908,3629,TRANSFER,10.98,199
